Name,Type,Id
Hexi,3,2216
Hexi,3,2389
Hexi,3,2390
Hexi,3,2391
Hexi,3,2392
Hexi,3,2393
Hexi,3,2570
Hexi,3,2571
Hexi,3,2572
Hexi,3,2573
Hexi,3,2574
Hexi,3,2575
Hexi,3,2576
Hexi,3,2577
Hexi,3,2578
Hexi,3,2579
Hexi,3,2765
Hexi,3,2766
Hexi,3,2767
Hexi,3,2768
Hexi,3,2769
Hexi,3,2770
Hexi,3,2771
Hexi,3,2772
Hexi,3,2773
Hexi,3,2774
Hexi,3,2775
Hexi,3,2776
Hexi,3,2777
Hexi,3,2778
Hexi,3,2779
Hexi,3,2780
Hexi,3,2781
Hexi,3,2970
Hexi,3,2971
Hexi,3,2972
Hexi,3,2973
Hexi,3,2974
Hexi,3,2975
Hexi,3,2976
Hexi,3,2977
Hexi,3,2978
Hexi,3,2979
Hexi,3,2980
Hexi,3,2981
Hexi,3,2982
Hexi,3,2983
Hexi,3,2984
Hexi,3,2985
Hexi,3,2986
Hexi,3,2987
Hexi,3,2988
Hexi,3,2989
Hexi,3,2990
Hexi,3,3179
Hexi,3,3180
Hexi,3,3181
Hexi,3,3182
Hexi,3,3183
Hexi,3,3184
Hexi,3,3185
Hexi,3,3186
Hexi,3,3187
Hexi,3,3188
Hexi,3,3189
Hexi,3,3190
Hexi,3,3191
Hexi,3,3192
Hexi,3,3193
Hexi,3,3194
Hexi,3,3195
Hexi,3,3196
Hexi,3,3197
Hexi,3,3198
Hexi,3,3199
Hexi,3,3200
Hexi,3,3201
Hexi,3,3202
Hexi,3,3203
Hexi,3,3390
Hexi,3,3391
Hexi,3,3392
Hexi,3,3393
Hexi,3,3394
Hexi,3,3395
Hexi,3,3396
Hexi,3,3397
Hexi,3,3398
Hexi,3,3399
Hexi,3,3400
Hexi,3,3401
Hexi,3,3402
Hexi,3,3403
Hexi,3,3404
Hexi,3,3405
Hexi,3,3406
Hexi,3,3407
Hexi,3,3408
Hexi,3,3409
Hexi,3,3410
Hexi,3,3411
Hexi,3,3412
Hexi,3,3413
Hexi,3,3414
Hexi,3,3415
Hexi,3,3416
Hexi,3,3417
Hexi,3,3418
Hexi,3,3419
Hexi,3,3420
Hexi,3,3421
Hexi,3,3422
Hexi,3,3603
Hexi,3,3604
Hexi,3,3605
Hexi,3,3606
Hexi,3,3607
Hexi,3,3608
Hexi,3,3609
Hexi,3,3610
Hexi,3,3611
Hexi,3,3612
Hexi,3,3613
Hexi,3,3614
Hexi,3,3615
Hexi,3,3616
Hexi,3,3617
Hexi,3,3618
Hexi,3,3619
Hexi,3,3620
Hexi,3,3621
Hexi,3,3622
Hexi,3,3623
Hexi,3,3624
Hexi,3,3625
Hexi,3,3626
Hexi,3,3627
Hexi,3,3628
Hexi,3,3629
Hexi,3,3630
Hexi,3,3631
Hexi,3,3632
Hexi,3,3633
Hexi,3,3634
Hexi,3,3635
Hexi,3,3636
Hexi,3,3637
Hexi,3,3817
Hexi,3,3818
Hexi,3,3819
Hexi,3,3820
Hexi,3,3821
Hexi,3,3822
Hexi,3,3823
Hexi,3,3824
Hexi,3,3825
Hexi,3,3826
Hexi,3,3827
Hexi,3,3828
Hexi,3,3829
Hexi,3,3830
Hexi,3,3831
Hexi,3,3832
Hexi,3,3833
Hexi,3,3834
Hexi,3,3835
Hexi,3,3836
Hexi,3,3837
Hexi,3,3838
Hexi,3,3839
Hexi,3,3840
Hexi,3,3841
Hexi,3,3842
Hexi,3,3843
Hexi,3,3844
Hexi,3,3845
Hexi,3,3846
Hexi,3,3847
Hexi,3,3848
Hexi,3,3849
Hexi,3,3850
Hexi,3,3851
Hexi,3,3852
Hexi,3,3853
Hexi,3,3854
Hexi,3,3855
Hexi,3,3856
Hexi,3,3857
Hexi,3,3858
Hexi,3,3859
Hexi,3,4040
Hexi,3,4041
Hexi,3,4042
Hexi,3,4043
Hexi,3,4044
Hexi,3,4045
Hexi,3,4046
Hexi,3,4047
Hexi,3,4048
Hexi,3,4049
Hexi,3,4050
Hexi,3,4051
Hexi,3,4052
Hexi,3,4053
Hexi,3,4054
Hexi,3,4055
Hexi,3,4056
Hexi,3,4057
Hexi,3,4058
Hexi,3,4059
Hexi,3,4060
Hexi,3,4061
Hexi,3,4062
Hexi,3,4063
Hexi,3,4064
Hexi,3,4065
Hexi,3,4066
Hexi,3,4067
Hexi,3,4068
Hexi,3,4069
Hexi,3,4070
Hexi,3,4071
Hexi,3,4072
Hexi,3,4073
Hexi,3,4074
Hexi,3,4075
Hexi,3,4076
Hexi,3,4077
Hexi,3,4078
Hexi,3,4079
Hexi,3,4080
Hexi,3,4081
Hexi,3,4082
Hexi,3,4083
Hexi,3,4084
Hexi,3,4085
Hexi,3,4086
Hexi,3,4087
Hexi,3,4088
Hexi,3,4089
Hexi,3,4269
Hexi,3,4270
Hexi,3,4271
Hexi,3,4272
Hexi,3,4273
Hexi,3,4274
Hexi,3,4275
Hexi,3,4276
Hexi,3,4277
Hexi,3,4278
Hexi,3,4279
Hexi,3,4280
Hexi,3,4281
Hexi,3,4282
Hexi,3,4283
Hexi,3,4284
Hexi,3,4285
Hexi,3,4286
Hexi,3,4287
Hexi,3,4288
Hexi,3,4289
Hexi,3,4290
Hexi,3,4291
Hexi,3,4292
Hexi,3,4293
Hexi,3,4294
Hexi,3,4295
Hexi,3,4296
Hexi,3,4297
Hexi,3,4298
Hexi,3,4299
Hexi,3,4300
Hexi,3,4301
Hexi,3,4302
Hexi,3,4303
Hexi,3,4304
Hexi,3,4305
Hexi,3,4306
Hexi,3,4307
Hexi,3,4308
Hexi,3,4309
Hexi,3,4310
Hexi,3,4311
Hexi,3,4312
Hexi,3,4313
Hexi,3,4314
Hexi,3,4315
Hexi,3,4316
Hexi,3,4317
Hexi,3,4318
Hexi,3,4319
Hexi,3,4320
Hexi,3,4321
Hexi,3,4499
Hexi,3,4500
Hexi,3,4501
Hexi,3,4502
Hexi,3,4503
Hexi,3,4504
Hexi,3,4505
Hexi,3,4506
Hexi,3,4507
Hexi,3,4508
Hexi,3,4509
Hexi,3,4510
Hexi,3,4511
Hexi,3,4512
Hexi,3,4513
Hexi,3,4514
Hexi,3,4515
Hexi,3,4516
Hexi,3,4517
Hexi,3,4518
Hexi,3,4519
Hexi,3,4520
Hexi,3,4521
Hexi,3,4522
Hexi,3,4523
Hexi,3,4524
Hexi,3,4525
Hexi,3,4526
Hexi,3,4527
Hexi,3,4528
Hexi,3,4529
Hexi,3,4530
Hexi,3,4531
Hexi,3,4532
Hexi,3,4533
Hexi,3,4534
Hexi,3,4535
Hexi,3,4536
Hexi,3,4537
Hexi,3,4538
Hexi,3,4539
Hexi,3,4540
Hexi,3,4541
Hexi,3,4542
Hexi,3,4543
Hexi,3,4544
Hexi,3,4545
Hexi,3,4546
Hexi,3,4547
Hexi,3,4548
Hexi,3,4549
Hexi,3,4550
Hexi,3,4551
Hexi,3,4552
Hexi,3,4553
Hexi,3,4554
Hexi,3,4730
Hexi,3,4731
Hexi,3,4732
Hexi,3,4733
Hexi,3,4734
Hexi,3,4735
Hexi,3,4736
Hexi,3,4737
Hexi,3,4738
Hexi,3,4739
Hexi,3,4740
Hexi,3,4741
Hexi,3,4742
Hexi,3,4743
Hexi,3,4744
Hexi,3,4745
Hexi,3,4746
Hexi,3,4747
Hexi,3,4748
Hexi,3,4749
Hexi,3,4750
Hexi,3,4751
Hexi,3,4752
Hexi,3,4753
Hexi,3,4754
Hexi,3,4755
Hexi,3,4756
Hexi,3,4757
Hexi,3,4758
Hexi,3,4759
Hexi,3,4760
Hexi,3,4761
Hexi,3,4762
Hexi,3,4763
Hexi,3,4764
Hexi,3,4765
Hexi,3,4766
Hexi,3,4767
Hexi,3,4768
Hexi,3,4769
Hexi,3,4770
Hexi,3,4771
Hexi,3,4772
Hexi,3,4773
Hexi,3,4774
Hexi,3,4775
Hexi,3,4776
Hexi,3,4777
Hexi,3,4778
Hexi,3,4779
Hexi,3,4780
Hexi,3,4781
Hexi,3,4782
Hexi,3,4783
Hexi,3,4784
Hexi,3,4785
Hexi,3,4786
Hexi,3,4787
Hexi,3,4962
Hexi,3,4963
Hexi,3,4964
Hexi,3,4965
Hexi,3,4966
Hexi,3,4967
Hexi,3,4968
Hexi,3,4969
Hexi,3,4970
Hexi,3,4971
Hexi,3,4972
Hexi,3,4973
Hexi,3,4974
Hexi,3,4975
Hexi,3,4976
Hexi,3,4977
Hexi,3,4978
Hexi,3,4979
Hexi,3,4980
Hexi,3,4981
Hexi,3,4982
Hexi,3,4983
Hexi,3,4984
Hexi,3,4985
Hexi,3,4986
Hexi,3,4987
Hexi,3,4988
Hexi,3,4989
Hexi,3,4990
Hexi,3,4991
Hexi,3,4992
Hexi,3,4993
Hexi,3,4994
Hexi,3,4995
Hexi,3,4996
Hexi,3,4997
Hexi,3,4998
Hexi,3,4999
Hexi,3,5000
Hexi,3,5001
Hexi,3,5002
Hexi,3,5003
Hexi,3,5004
Hexi,3,5005
Hexi,3,5006
Hexi,3,5007
Hexi,3,5008
Hexi,3,5009
Hexi,3,5010
Hexi,3,5011
Hexi,3,5012
Hexi,3,5013
Hexi,3,5014
Hexi,3,5015
Hexi,3,5016
Hexi,3,5017
Hexi,3,5018
Hexi,3,5019
Hexi,3,5020
Hexi,3,5196
Hexi,3,5197
Hexi,3,5198
Hexi,3,5199
Hexi,3,5200
Hexi,3,5201
Hexi,3,5202
Hexi,3,5203
Hexi,3,5204
Hexi,3,5205
Hexi,3,5206
Hexi,3,5207
Hexi,3,5208
Hexi,3,5209
Hexi,3,5210
Hexi,3,5211
Hexi,3,5212
Hexi,3,5213
Hexi,3,5214
Hexi,3,5215
Hexi,3,5216
Hexi,3,5217
Hexi,3,5218
Hexi,3,5219
Hexi,3,5220
Hexi,3,5221
Hexi,3,5222
Hexi,3,5223
Hexi,3,5224
Hexi,3,5225
Hexi,3,5226
Hexi,3,5227
Hexi,3,5228
Hexi,3,5229
Hexi,3,5230
Hexi,3,5231
Hexi,3,5232
Hexi,3,5233
Hexi,3,5234
Hexi,3,5235
Hexi,3,5236
Hexi,3,5237
Hexi,3,5238
Hexi,3,5239
Hexi,3,5240
Hexi,3,5241
Hexi,3,5242
Hexi,3,5243
Hexi,3,5244
Hexi,3,5245
Hexi,3,5246
Hexi,3,5247
Hexi,3,5248
Hexi,3,5249
Hexi,3,5250
Hexi,3,5251
Hexi,3,5252
Hexi,3,5253
Hexi,3,5254
Hexi,3,5255
Hexi,3,5256
Hexi,3,5257
Hexi,3,5433
Hexi,3,5434
Hexi,3,5435
Hexi,3,5436
Hexi,3,5437
Hexi,3,5438
Hexi,3,5439
Hexi,3,5440
Hexi,3,5441
Hexi,3,5442
Hexi,3,5443
Hexi,3,5444
Hexi,3,5445
Hexi,3,5446
Hexi,3,5447
Hexi,3,5448
Hexi,3,5449
Hexi,3,5450
Hexi,3,5451
Hexi,3,5452
Hexi,3,5453
Hexi,3,5454
Hexi,3,5455
Hexi,3,5456
Hexi,3,5457
Hexi,3,5458
Hexi,3,5459
Hexi,3,5460
Hexi,3,5461
Hexi,3,5462
Hexi,3,5463
Hexi,3,5464
Hexi,3,5465
Hexi,3,5466
Hexi,3,5467
Hexi,3,5468
Hexi,3,5469
Hexi,3,5470
Hexi,3,5471
Hexi,3,5472
Hexi,3,5473
Hexi,3,5474
Hexi,3,5475
Hexi,3,5476
Hexi,3,5477
Hexi,3,5478
Hexi,3,5479
Hexi,3,5480
Hexi,3,5481
Hexi,3,5482
Hexi,3,5483
Hexi,3,5484
Hexi,3,5485
Hexi,3,5486
Hexi,3,5487
Hexi,3,5488
Hexi,3,5489
Hexi,3,5490
Hexi,3,5491
Hexi,3,5492
Hexi,3,5493
Hexi,3,5494
Hexi,3,5495
Hexi,3,5670
Hexi,3,5671
Hexi,3,5672
Hexi,3,5673
Hexi,3,5674
Hexi,3,5675
Hexi,3,5676
Hexi,3,5677
Hexi,3,5678
Hexi,3,5679
Hexi,3,5680
Hexi,3,5681
Hexi,3,5682
Hexi,3,5683
Hexi,3,5684
Hexi,3,5685
Hexi,3,5686
Hexi,3,5687
Hexi,3,5688
Hexi,3,5689
Hexi,3,5690
Hexi,3,5691
Hexi,3,5692
Hexi,3,5693
Hexi,3,5694
Hexi,3,5695
Hexi,3,5696
Hexi,3,5697
Hexi,3,5698
Hexi,3,5699
Hexi,3,5700
Hexi,3,5701
Hexi,3,5702
Hexi,3,5703
Hexi,3,5704
Hexi,3,5705
Hexi,3,5706
Hexi,3,5707
Hexi,3,5708
Hexi,3,5709
Hexi,3,5710
Hexi,3,5711
Hexi,3,5712
Hexi,3,5713
Hexi,3,5714
Hexi,3,5715
Hexi,3,5716
Hexi,3,5717
Hexi,3,5718
Hexi,3,5719
Hexi,3,5720
Hexi,3,5721
Hexi,3,5722
Hexi,3,5723
Hexi,3,5724
Hexi,3,5725
Hexi,3,5726
Hexi,3,5727
Hexi,3,5728
Hexi,3,5729
Hexi,3,5730
Hexi,3,5731
Hexi,3,5732
Hexi,3,5733
Hexi,3,5734
Hexi,3,5735
Hexi,3,5909
Hexi,3,5910
Hexi,3,5911
Hexi,3,5912
Hexi,3,5913
Hexi,3,5914
Hexi,3,5915
Hexi,3,5916
Hexi,3,5917
Hexi,3,5918
Hexi,3,5919
Hexi,3,5920
Hexi,3,5921
Hexi,3,5922
Hexi,3,5923
Hexi,3,5924
Hexi,3,5925
Hexi,3,5926
Hexi,3,5927
Hexi,3,5928
Hexi,3,5929
Hexi,3,5930
Hexi,3,5931
Hexi,3,5932
Hexi,3,5933
Hexi,3,5934
Hexi,3,5935
Hexi,3,5936
Hexi,3,5937
Hexi,3,5938
Hexi,3,5939
Hexi,3,5940
Hexi,3,5941
Hexi,3,5942
Hexi,3,5943
Hexi,3,5944
Hexi,3,5945
Hexi,3,5946
Hexi,3,5947
Hexi,3,5948
Hexi,3,5949
Hexi,3,5950
Hexi,3,5951
Hexi,3,5952
Hexi,3,5953
Hexi,3,5954
Hexi,3,5955
Hexi,3,5956
Hexi,3,5957
Hexi,3,5958
Hexi,3,5959
Hexi,3,5960
Hexi,3,5961
Hexi,3,5962
Hexi,3,5963
Hexi,3,5964
Hexi,3,5965
Hexi,3,5966
Hexi,3,5967
Hexi,3,5968
Hexi,3,5969
Hexi,3,5970
Hexi,3,5971
Hexi,3,5972
Hexi,3,5973
Hexi,3,5974
Hexi,3,5975
Hexi,3,5976
Hexi,3,5977
Hexi,3,6151
Hexi,3,6152
Hexi,3,6153
Hexi,3,6154
Hexi,3,6155
Hexi,3,6156
Hexi,3,6157
Hexi,3,6158
Hexi,3,6159
Hexi,3,6160
Hexi,3,6161
Hexi,3,6162
Hexi,3,6163
Hexi,3,6164
Hexi,3,6165
Hexi,3,6166
Hexi,3,6167
Hexi,3,6168
Hexi,3,6169
Hexi,3,6170
Hexi,3,6171
Hexi,3,6172
Hexi,3,6173
Hexi,3,6174
Hexi,3,6175
Hexi,3,6176
Hexi,3,6177
Hexi,3,6178
Hexi,3,6179
Hexi,3,6180
Hexi,3,6181
Hexi,3,6182
Hexi,3,6183
Hexi,3,6184
Hexi,3,6185
Hexi,3,6186
Hexi,3,6187
Hexi,3,6188
Hexi,3,6189
Hexi,3,6190
Hexi,3,6191
Hexi,3,6192
Hexi,3,6193
Hexi,3,6194
Hexi,3,6195
Hexi,3,6196
Hexi,3,6197
Hexi,3,6198
Hexi,3,6199
Hexi,3,6200
Hexi,3,6201
Hexi,3,6202
Hexi,3,6203
Hexi,3,6204
Hexi,3,6205
Hexi,3,6206
Hexi,3,6207
Hexi,3,6208
Hexi,3,6209
Hexi,3,6210
Hexi,3,6211
Hexi,3,6212
Hexi,3,6213
Hexi,3,6214
Hexi,3,6215
Hexi,3,6216
Hexi,3,6217
Hexi,3,6218
Hexi,3,6219
Hexi,3,6220
Hexi,3,6221
Hexi,3,6222
Hexi,3,6223
Hexi,3,6224
Hexi,3,6225
Hexi,3,6226
Hexi,3,6227
Hexi,3,6228
Hexi,3,6229
Hexi,3,6230
Hexi,3,6402
Hexi,3,6403
Hexi,3,6404
Hexi,3,6405
Hexi,3,6406
Hexi,3,6407
Hexi,3,6408
Hexi,3,6409
Hexi,3,6410
Hexi,3,6411
Hexi,3,6412
Hexi,3,6413
Hexi,3,6414
Hexi,3,6415
Hexi,3,6416
Hexi,3,6417
Hexi,3,6418
Hexi,3,6419
Hexi,3,6420
Hexi,3,6421
Hexi,3,6422
Hexi,3,6423
Hexi,3,6424
Hexi,3,6425
Hexi,3,6426
Hexi,3,6427
Hexi,3,6428
Hexi,3,6429
Hexi,3,6430
Hexi,3,6431
Hexi,3,6432
Hexi,3,6433
Hexi,3,6434
Hexi,3,6435
Hexi,3,6436
Hexi,3,6437
Hexi,3,6438
Hexi,3,6439
Hexi,3,6440
Hexi,3,6441
Hexi,3,6442
Hexi,3,6443
Hexi,3,6444
Hexi,3,6445
Hexi,3,6446
Hexi,3,6447
Hexi,3,6448
Hexi,3,6449
Hexi,3,6450
Hexi,3,6451
Hexi,3,6452
Hexi,3,6453
Hexi,3,6454
Hexi,3,6455
Hexi,3,6456
Hexi,3,6457
Hexi,3,6458
Hexi,3,6459
Hexi,3,6460
Hexi,3,6461
Hexi,3,6462
Hexi,3,6463
Hexi,3,6464
Hexi,3,6465
Hexi,3,6466
Hexi,3,6467
Hexi,3,6468
Hexi,3,6469
Hexi,3,6470
Hexi,3,6471
Hexi,3,6472
Hexi,3,6473
Hexi,3,6474
Hexi,3,6475
Hexi,3,6476
Hexi,3,6477
Hexi,3,6478
Hexi,3,6479
Hexi,3,6480
Hexi,3,6481
Hexi,3,6482
Hexi,3,6483
Hexi,3,6484
Hexi,3,6485
Hexi,3,6665
Hexi,3,6666
Hexi,3,6667
Hexi,3,6668
Hexi,3,6669
Hexi,3,6670
Hexi,3,6671
Hexi,3,6672
Hexi,3,6673
Hexi,3,6674
Hexi,3,6675
Hexi,3,6676
Hexi,3,6677
Hexi,3,6678
Hexi,3,6679
Hexi,3,6680
Hexi,3,6681
Hexi,3,6682
Hexi,3,6683
Hexi,3,6684
Hexi,3,6685
Hexi,3,6686
Hexi,3,6687
Hexi,3,6688
Hexi,3,6689
Hexi,3,6690
Hexi,3,6691
Hexi,3,6692
Hexi,3,6693
Hexi,3,6694
Hexi,3,6695
Hexi,3,6696
Hexi,3,6697
Hexi,3,6698
Hexi,3,6699
Hexi,3,6700
Hexi,3,6701
Hexi,3,6702
Hexi,3,6703
Hexi,3,6704
Hexi,3,6705
Hexi,3,6706
Hexi,3,6707
Hexi,3,6708
Hexi,3,6709
Hexi,3,6710
Hexi,3,6711
Hexi,3,6712
Hexi,3,6713
Hexi,3,6714
Hexi,3,6715
Hexi,3,6716
Hexi,3,6717
Hexi,3,6718
Hexi,3,6719
Hexi,3,6720
Hexi,3,6721
Hexi,3,6722
Hexi,3,6723
Hexi,3,6724
Hexi,3,6725
Hexi,3,6726
Hexi,3,6727
Hexi,3,6728
Hexi,3,6729
Hexi,3,6730
Hexi,3,6731
Hexi,3,6732
Hexi,3,6733
Hexi,3,6734
Hexi,3,6735
Hexi,3,6736
Hexi,3,6737
Hexi,3,6738
Hexi,3,6739
Hexi,3,6740
Hexi,3,6741
Hexi,3,6742
Hexi,3,6743
Hexi,3,6744
Hexi,3,6745
Hexi,3,6746
Hexi,3,6747
Hexi,3,6748
Hexi,3,6749
Hexi,3,6750
Hexi,3,6751
Hexi,3,6752
Hexi,3,6938
Hexi,3,6939
Hexi,3,6940
Hexi,3,6941
Hexi,3,6942
Hexi,3,6943
Hexi,3,6944
Hexi,3,6945
Hexi,3,6946
Hexi,3,6947
Hexi,3,6948
Hexi,3,6949
Hexi,3,6950
Hexi,3,6951
Hexi,3,6952
Hexi,3,6953
Hexi,3,6954
Hexi,3,6955
Hexi,3,6956
Hexi,3,6957
Hexi,3,6958
Hexi,3,6959
Hexi,3,6960
Hexi,3,6961
Hexi,3,6962
Hexi,3,6963
Hexi,3,6964
Hexi,3,6965
Hexi,3,6966
Hexi,3,6967
Hexi,3,6968
Hexi,3,6969
Hexi,3,6970
Hexi,3,6971
Hexi,3,6972
Hexi,3,6973
Hexi,3,6974
Hexi,3,6975
Hexi,3,6976
Hexi,3,6977
Hexi,3,6978
Hexi,3,6979
Hexi,3,6980
Hexi,3,6981
Hexi,3,6982
Hexi,3,6983
Hexi,3,6984
Hexi,3,6985
Hexi,3,6986
Hexi,3,6987
Hexi,3,6988
Hexi,3,6989
Hexi,3,6990
Hexi,3,6991
Hexi,3,6992
Hexi,3,6993
Hexi,3,6994
Hexi,3,6995
Hexi,3,6996
Hexi,3,6997
Hexi,3,6998
Hexi,3,6999
Hexi,3,7000
Hexi,3,7001
Hexi,3,7002
Hexi,3,7003
Hexi,3,7004
Hexi,3,7005
Hexi,3,7006
Hexi,3,7007
Hexi,3,7008
Hexi,3,7009
Hexi,3,7010
Hexi,3,7011
Hexi,3,7012
Hexi,3,7013
Hexi,3,7014
Hexi,3,7015
Hexi,3,7016
Hexi,3,7017
Hexi,3,7018
Hexi,3,7019
Hexi,3,7020
Hexi,3,7021
Hexi,3,7022
Hexi,3,7023
Hexi,3,7024
Hexi,3,7025
Hexi,3,7026
Hexi,3,7027
Hexi,3,7028
Hexi,3,7029
Hexi,3,7225
Hexi,3,7226
Hexi,3,7227
Hexi,3,7228
Hexi,3,7229
Hexi,3,7230
Hexi,3,7231
Hexi,3,7232
Hexi,3,7233
Hexi,3,7234
Hexi,3,7235
Hexi,3,7236
Hexi,3,7237
Hexi,3,7238
Hexi,3,7239
Hexi,3,7240
Hexi,3,7241
Hexi,3,7242
Hexi,3,7243
Hexi,3,7244
Hexi,3,7245
Hexi,3,7246
Hexi,3,7247
Hexi,3,7248
Hexi,3,7249
Hexi,3,7250
Hexi,3,7251
Hexi,3,7252
Hexi,3,7253
Hexi,3,7254
Hexi,3,7255
Hexi,3,7256
Hexi,3,7257
Hexi,3,7258
Hexi,3,7259
Hexi,3,7260
Hexi,3,7261
Hexi,3,7262
Hexi,3,7263
Hexi,3,7264
Hexi,3,7265
Hexi,3,7266
Hexi,3,7267
Hexi,3,7268
Hexi,3,7269
Hexi,3,7270
Hexi,3,7271
Hexi,3,7272
Hexi,3,7273
Hexi,3,7274
Hexi,3,7275
Hexi,3,7276
Hexi,3,7277
Hexi,3,7278
Hexi,3,7279
Hexi,3,7280
Hexi,3,7281
Hexi,3,7282
Hexi,3,7283
Hexi,3,7284
Hexi,3,7285
Hexi,3,7286
Hexi,3,7287
Hexi,3,7288
Hexi,3,7289
Hexi,3,7290
Hexi,3,7291
Hexi,3,7292
Hexi,3,7293
Hexi,3,7294
Hexi,3,7295
Hexi,3,7296
Hexi,3,7297
Hexi,3,7298
Hexi,3,7299
Hexi,3,7300
Hexi,3,7301
Hexi,3,7302
Hexi,3,7303
Hexi,3,7304
Hexi,3,7305
Hexi,3,7306
Hexi,3,7307
Hexi,3,7308
Hexi,3,7309
Hexi,3,7310
Hexi,3,7311
Hexi,3,7312
Hexi,3,7313
Hexi,3,7314
Hexi,3,7315
Hexi,3,7316
Hexi,3,7317
Hexi,3,7318
Hexi,3,7319
Hexi,3,7519
Hexi,3,7520
Hexi,3,7521
Hexi,3,7522
Hexi,3,7523
Hexi,3,7524
Hexi,3,7525
Hexi,3,7526
Hexi,3,7527
Hexi,3,7528
Hexi,3,7529
Hexi,3,7530
Hexi,3,7531
Hexi,3,7532
Hexi,3,7533
Hexi,3,7534
Hexi,3,7535
Hexi,3,7536
Hexi,3,7537
Hexi,3,7538
Hexi,3,7539
Hexi,3,7540
Hexi,3,7541
Hexi,3,7542
Hexi,3,7543
Hexi,3,7544
Hexi,3,7545
Hexi,3,7546
Hexi,3,7547
Hexi,3,7548
Hexi,3,7549
Hexi,3,7550
Hexi,3,7551
Hexi,3,7552
Hexi,3,7553
Hexi,3,7554
Hexi,3,7555
Hexi,3,7556
Hexi,3,7557
Hexi,3,7558
Hexi,3,7559
Hexi,3,7560
Hexi,3,7561
Hexi,3,7562
Hexi,3,7563
Hexi,3,7564
Hexi,3,7565
Hexi,3,7566
Hexi,3,7567
Hexi,3,7568
Hexi,3,7569
Hexi,3,7570
Hexi,3,7571
Hexi,3,7572
Hexi,3,7573
Hexi,3,7574
Hexi,3,7575
Hexi,3,7576
Hexi,3,7577
Hexi,3,7578
Hexi,3,7579
Hexi,3,7580
Hexi,3,7581
Hexi,3,7582
Hexi,3,7583
Hexi,3,7584
Hexi,3,7585
Hexi,3,7586
Hexi,3,7587
Hexi,3,7588
Hexi,3,7589
Hexi,3,7590
Hexi,3,7591
Hexi,3,7592
Hexi,3,7593
Hexi,3,7594
Hexi,3,7595
Hexi,3,7596
Hexi,3,7597
Hexi,3,7598
Hexi,3,7599
Hexi,3,7600
Hexi,3,7601
Hexi,3,7602
Hexi,3,7603
Hexi,3,7604
Hexi,3,7605
Hexi,3,7606
Hexi,3,7607
Hexi,3,7608
Hexi,3,7609
Hexi,3,7610
Hexi,3,7611
Hexi,3,7612
Hexi,3,7613
Hexi,3,7614
Hexi,3,7615
Hexi,3,7616
Hexi,3,7617
Hexi,3,7618
Hexi,3,7619
Hexi,3,7620
Hexi,3,7824
Hexi,3,7825
Hexi,3,7826
Hexi,3,7827
Hexi,3,7828
Hexi,3,7829
Hexi,3,7830
Hexi,3,7831
Hexi,3,7832
Hexi,3,7833
Hexi,3,7834
Hexi,3,7835
Hexi,3,7836
Hexi,3,7837
Hexi,3,7838
Hexi,3,7839
Hexi,3,7840
Hexi,3,7841
Hexi,3,7842
Hexi,3,7843
Hexi,3,7844
Hexi,3,7845
Hexi,3,7846
Hexi,3,7847
Hexi,3,7848
Hexi,3,7849
Hexi,3,7850
Hexi,3,7851
Hexi,3,7852
Hexi,3,7853
Hexi,3,7854
Hexi,3,7855
Hexi,3,7856
Hexi,3,7857
Hexi,3,7858
Hexi,3,7859
Hexi,3,7860
Hexi,3,7861
Hexi,3,7862
Hexi,3,7863
Hexi,3,7864
Hexi,3,7865
Hexi,3,7866
Hexi,3,7867
Hexi,3,7868
Hexi,3,7869
Hexi,3,7870
Hexi,3,7871
Hexi,3,7872
Hexi,3,7873
Hexi,3,7874
Hexi,3,7875
Hexi,3,7876
Hexi,3,7877
Hexi,3,7878
Hexi,3,7879
Hexi,3,7880
Hexi,3,7881
Hexi,3,7882
Hexi,3,7883
Hexi,3,7884
Hexi,3,7885
Hexi,3,7886
Hexi,3,7887
Hexi,3,7888
Hexi,3,7889
Hexi,3,7890
Hexi,3,7891
Hexi,3,7892
Hexi,3,7893
Hexi,3,7894
Hexi,3,7895
Hexi,3,7896
Hexi,3,7897
Hexi,3,7898
Hexi,3,7899
Hexi,3,7900
Hexi,3,7901
Hexi,3,7902
Hexi,3,7903
Hexi,3,7904
Hexi,3,7905
Hexi,3,7906
Hexi,3,7907
Hexi,3,7908
Hexi,3,7909
Hexi,3,7910
Hexi,3,7911
Hexi,3,7912
Hexi,3,7913
Hexi,3,7914
Hexi,3,7915
Hexi,3,7916
Hexi,3,7917
Hexi,3,7918
Hexi,3,7919
Hexi,3,7920
Hexi,3,7921
Hexi,3,7922
Hexi,3,7923
Hexi,3,7924
Hexi,3,7925
Hexi,3,7926
Hexi,3,7927
Hexi,3,7928
Hexi,3,7929
Hexi,3,7930
Hexi,3,7931
Hexi,3,7932
Hexi,3,8142
Hexi,3,8143
Hexi,3,8144
Hexi,3,8145
Hexi,3,8146
Hexi,3,8147
Hexi,3,8148
Hexi,3,8149
Hexi,3,8150
Hexi,3,8151
Hexi,3,8152
Hexi,3,8153
Hexi,3,8154
Hexi,3,8155
Hexi,3,8156
Hexi,3,8157
Hexi,3,8158
Hexi,3,8159
Hexi,3,8160
Hexi,3,8161
Hexi,3,8162
Hexi,3,8163
Hexi,3,8164
Hexi,3,8165
Hexi,3,8166
Hexi,3,8167
Hexi,3,8168
Hexi,3,8169
Hexi,3,8170
Hexi,3,8171
Hexi,3,8172
Hexi,3,8173
Hexi,3,8174
Hexi,3,8175
Hexi,3,8176
Hexi,3,8177
Hexi,3,8178
Hexi,3,8179
Hexi,3,8180
Hexi,3,8181
Hexi,3,8182
Hexi,3,8183
Hexi,3,8184
Hexi,3,8185
Hexi,3,8186
Hexi,3,8187
Hexi,3,8188
Hexi,3,8189
Hexi,3,8190
Hexi,3,8191
Hexi,3,8192
Hexi,3,8193
Hexi,3,8194
Hexi,3,8195
Hexi,3,8196
Hexi,3,8197
Hexi,3,8198
Hexi,3,8199
Hexi,3,8200
Hexi,3,8201
Hexi,3,8202
Hexi,3,8203
Hexi,3,8204
Hexi,3,8205
Hexi,3,8206
Hexi,3,8207
Hexi,3,8208
Hexi,3,8209
Hexi,3,8210
Hexi,3,8211
Hexi,3,8212
Hexi,3,8213
Hexi,3,8214
Hexi,3,8215
Hexi,3,8216
Hexi,3,8217
Hexi,3,8218
Hexi,3,8219
Hexi,3,8220
Hexi,3,8221
Hexi,3,8222
Hexi,3,8223
Hexi,3,8224
Hexi,3,8225
Hexi,3,8226
Hexi,3,8227
Hexi,3,8228
Hexi,3,8229
Hexi,3,8230
Hexi,3,8231
Hexi,3,8232
Hexi,3,8233
Hexi,3,8234
Hexi,3,8235
Hexi,3,8236
Hexi,3,8237
Hexi,3,8238
Hexi,3,8239
Hexi,3,8240
Hexi,3,8241
Hexi,3,8242
Hexi,3,8243
Hexi,3,8244
Hexi,3,8245
Hexi,3,8246
Hexi,3,8247
Hexi,3,8248
Hexi,3,8249
Hexi,3,8250
Hexi,3,8251
Hexi,3,8252
Hexi,3,8253
Hexi,3,8254
Hexi,3,8255
Hexi,3,8256
Hexi,3,8257
Hexi,3,8258
Hexi,3,8259
Hexi,3,8467
Hexi,3,8468
Hexi,3,8469
Hexi,3,8470
Hexi,3,8471
Hexi,3,8472
Hexi,3,8473
Hexi,3,8474
Hexi,3,8475
Hexi,3,8476
Hexi,3,8477
Hexi,3,8478
Hexi,3,8479
Hexi,3,8480
Hexi,3,8481
Hexi,3,8482
Hexi,3,8483
Hexi,3,8484
Hexi,3,8485
Hexi,3,8486
Hexi,3,8487
Hexi,3,8488
Hexi,3,8489
Hexi,3,8490
Hexi,3,8491
Hexi,3,8492
Hexi,3,8493
Hexi,3,8494
Hexi,3,8495
Hexi,3,8496
Hexi,3,8497
Hexi,3,8498
Hexi,3,8499
Hexi,3,8500
Hexi,3,8501
Hexi,3,8502
Hexi,3,8503
Hexi,3,8504
Hexi,3,8505
Hexi,3,8506
Hexi,3,8507
Hexi,3,8508
Hexi,3,8509
Hexi,3,8510
Hexi,3,8511
Hexi,3,8512
Hexi,3,8513
Hexi,3,8514
Hexi,3,8515
Hexi,3,8516
Hexi,3,8517
Hexi,3,8518
Hexi,3,8519
Hexi,3,8520
Hexi,3,8521
Hexi,3,8522
Hexi,3,8523
Hexi,3,8524
Hexi,3,8525
Hexi,3,8526
Hexi,3,8527
Hexi,3,8528
Hexi,3,8529
Hexi,3,8530
Hexi,3,8531
Hexi,3,8532
Hexi,3,8533
Hexi,3,8534
Hexi,3,8535
Hexi,3,8536
Hexi,3,8537
Hexi,3,8538
Hexi,3,8539
Hexi,3,8540
Hexi,3,8541
Hexi,3,8542
Hexi,3,8543
Hexi,3,8544
Hexi,3,8545
Hexi,3,8546
Hexi,3,8547
Hexi,3,8548
Hexi,3,8549
Hexi,3,8550
Hexi,3,8551
Hexi,3,8552
Hexi,3,8553
Hexi,3,8554
Hexi,3,8555
Hexi,3,8556
Hexi,3,8557
Hexi,3,8558
Hexi,3,8559
Hexi,3,8560
Hexi,3,8561
Hexi,3,8562
Hexi,3,8563
Hexi,3,8564
Hexi,3,8565
Hexi,3,8566
Hexi,3,8567
Hexi,3,8568
Hexi,3,8569
Hexi,3,8570
Hexi,3,8571
Hexi,3,8572
Hexi,3,8573
Hexi,3,8574
Hexi,3,8575
Hexi,3,8576
Hexi,3,8577
Hexi,3,8578
Hexi,3,8579
Hexi,3,8580
Hexi,3,8581
Hexi,3,8582
Hexi,3,8583
Hexi,3,8584
Hexi,3,8585
Hexi,3,8586
Hexi,3,8587
Hexi,3,8588
Hexi,3,8589
Hexi,3,8590
Hexi,3,8591
Hexi,3,8592
Hexi,3,8593
Hexi,3,8594
Hexi,3,8803
Hexi,3,8804
Hexi,3,8805
Hexi,3,8806
Hexi,3,8807
Hexi,3,8808
Hexi,3,8809
Hexi,3,8810
Hexi,3,8811
Hexi,3,8812
Hexi,3,8813
Hexi,3,8814
Hexi,3,8815
Hexi,3,8816
Hexi,3,8817
Hexi,3,8818
Hexi,3,8819
Hexi,3,8820
Hexi,3,8821
Hexi,3,8822
Hexi,3,8823
Hexi,3,8824
Hexi,3,8825
Hexi,3,8826
Hexi,3,8827
Hexi,3,8828
Hexi,3,8829
Hexi,3,8830
Hexi,3,8831
Hexi,3,8832
Hexi,3,8833
Hexi,3,8834
Hexi,3,8835
Hexi,3,8836
Hexi,3,8837
Hexi,3,8838
Hexi,3,8839
Hexi,3,8840
Hexi,3,8841
Hexi,3,8842
Hexi,3,8843
Hexi,3,8844
Hexi,3,8845
Hexi,3,8846
Hexi,3,8847
Hexi,3,8848
Hexi,3,8849
Hexi,3,8850
Hexi,3,8851
Hexi,3,8852
Hexi,3,8853
Hexi,3,8854
Hexi,3,8855
Hexi,3,8856
Hexi,3,8857
Hexi,3,8858
Hexi,3,8859
Hexi,3,8860
Hexi,3,8861
Hexi,3,8862
Hexi,3,8863
Hexi,3,8864
Hexi,3,8865
Hexi,3,8866
Hexi,3,8867
Hexi,3,8868
Hexi,3,8869
Hexi,3,8870
Hexi,3,8871
Hexi,3,8872
Hexi,3,8873
Hexi,3,8874
Hexi,3,8875
Hexi,3,8876
Hexi,3,8877
Hexi,3,8878
Hexi,3,8879
Hexi,3,8880
Hexi,3,8881
Hexi,3,8882
Hexi,3,8883
Hexi,3,8884
Hexi,3,8885
Hexi,3,8886
Hexi,3,8887
Hexi,3,8888
Hexi,3,8889
Hexi,3,8890
Hexi,3,8891
Hexi,3,8892
Hexi,3,8893
Hexi,3,8894
Hexi,3,8895
Hexi,3,8896
Hexi,3,8897
Hexi,3,8898
Hexi,3,8899
Hexi,3,8900
Hexi,3,8901
Hexi,3,8902
Hexi,3,8903
Hexi,3,8904
Hexi,3,8905
Hexi,3,8906
Hexi,3,8907
Hexi,3,8908
Hexi,3,8909
Hexi,3,8910
Hexi,3,8911
Hexi,3,8912
Hexi,3,8913
Hexi,3,8914
Hexi,3,8915
Hexi,3,8916
Hexi,3,8917
Hexi,3,8918
Hexi,3,8919
Hexi,3,8920
Hexi,3,8921
Hexi,3,8922
Hexi,3,8923
Hexi,3,8924
Hexi,3,8925
Hexi,3,8926
Hexi,3,8927
Hexi,3,8928
Hexi,3,8929
Hexi,3,8930
Hexi,3,8931
Hexi,3,8932
Hexi,3,8933
Hexi,3,8934
Hexi,3,8935
Hexi,3,8936
Hexi,3,8937
Hexi,3,8938
Hexi,3,8939
Hexi,3,8940
Hexi,3,8941
Hexi,3,8942
Hexi,3,9152
Hexi,3,9153
Hexi,3,9154
Hexi,3,9155
Hexi,3,9156
Hexi,3,9157
Hexi,3,9158
Hexi,3,9159
Hexi,3,9160
Hexi,3,9161
Hexi,3,9162
Hexi,3,9163
Hexi,3,9164
Hexi,3,9165
Hexi,3,9166
Hexi,3,9167
Hexi,3,9168
Hexi,3,9169
Hexi,3,9170
Hexi,3,9171
Hexi,3,9172
Hexi,3,9173
Hexi,3,9174
Hexi,3,9175
Hexi,3,9176
Hexi,3,9177
Hexi,3,9178
Hexi,3,9179
Hexi,3,9180
Hexi,3,9181
Hexi,3,9182
Hexi,3,9183
Hexi,3,9184
Hexi,3,9185
Hexi,3,9186
Hexi,3,9187
Hexi,3,9188
Hexi,3,9189
Hexi,3,9190
Hexi,3,9191
Hexi,3,9192
Hexi,3,9193
Hexi,3,9194
Hexi,3,9195
Hexi,3,9196
Hexi,3,9197
Hexi,3,9198
Hexi,3,9199
Hexi,3,9200
Hexi,3,9201
Hexi,3,9202
Hexi,3,9203
Hexi,3,9204
Hexi,3,9205
Hexi,3,9206
Hexi,3,9207
Hexi,3,9208
Hexi,3,9209
Hexi,3,9210
Hexi,3,9211
Hexi,3,9212
Hexi,3,9213
Hexi,3,9214
Hexi,3,9215
Hexi,3,9216
Hexi,3,9217
Hexi,3,9218
Hexi,3,9219
Hexi,3,9220
Hexi,3,9221
Hexi,3,9222
Hexi,3,9223
Hexi,3,9224
Hexi,3,9225
Hexi,3,9226
Hexi,3,9227
Hexi,3,9228
Hexi,3,9229
Hexi,3,9230
Hexi,3,9231
Hexi,3,9232
Hexi,3,9233
Hexi,3,9234
Hexi,3,9235
Hexi,3,9236
Hexi,3,9237
Hexi,3,9238
Hexi,3,9239
Hexi,3,9240
Hexi,3,9241
Hexi,3,9242
Hexi,3,9243
Hexi,3,9244
Hexi,3,9245
Hexi,3,9246
Hexi,3,9247
Hexi,3,9248
Hexi,3,9249
Hexi,3,9250
Hexi,3,9251
Hexi,3,9252
Hexi,3,9253
Hexi,3,9254
Hexi,3,9255
Hexi,3,9256
Hexi,3,9257
Hexi,3,9258
Hexi,3,9259
Hexi,3,9260
Hexi,3,9261
Hexi,3,9262
Hexi,3,9263
Hexi,3,9264
Hexi,3,9265
Hexi,3,9266
Hexi,3,9267
Hexi,3,9268
Hexi,3,9269
Hexi,3,9270
Hexi,3,9271
Hexi,3,9272
Hexi,3,9273
Hexi,3,9274
Hexi,3,9275
Hexi,3,9276
Hexi,3,9277
Hexi,3,9278
Hexi,3,9279
Hexi,3,9280
Hexi,3,9281
Hexi,3,9282
Hexi,3,9283
Hexi,3,9284
Hexi,3,9285
Hexi,3,9286
Hexi,3,9287
Hexi,3,9288
Hexi,3,9289
Hexi,3,9290
Hexi,3,9291
Hexi,3,9292
Hexi,3,9293
Hexi,3,9294
Hexi,3,9295
Hexi,3,9296
Hexi,3,9297
Hexi,3,9298
Hexi,3,9299
Hexi,3,9300
Hexi,3,9301
Hexi,3,9302
Hexi,3,9303
Hexi,3,9304
Hexi,3,9305
Hexi,3,9306
Hexi,3,9307
Hexi,3,9518
Hexi,3,9519
Hexi,3,9520
Hexi,3,9521
Hexi,3,9522
Hexi,3,9523
Hexi,3,9524
Hexi,3,9525
Hexi,3,9526
Hexi,3,9527
Hexi,3,9528
Hexi,3,9529
Hexi,3,9530
Hexi,3,9531
Hexi,3,9532
Hexi,3,9533
Hexi,3,9534
Hexi,3,9535
Hexi,3,9536
Hexi,3,9537
Hexi,3,9538
Hexi,3,9539
Hexi,3,9540
Hexi,3,9541
Hexi,3,9542
Hexi,3,9543
Hexi,3,9544
Hexi,3,9545
Hexi,3,9546
Hexi,3,9547
Hexi,3,9548
Hexi,3,9549
Hexi,3,9550
Hexi,3,9551
Hexi,3,9552
Hexi,3,9553
Hexi,3,9554
Hexi,3,9555
Hexi,3,9556
Hexi,3,9557
Hexi,3,9558
Hexi,3,9559
Hexi,3,9560
Hexi,3,9561
Hexi,3,9562
Hexi,3,9563
Hexi,3,9564
Hexi,3,9565
Hexi,3,9566
Hexi,3,9567
Hexi,3,9568
Hexi,3,9569
Hexi,3,9570
Hexi,3,9571
Hexi,3,9572
Hexi,3,9573
Hexi,3,9574
Hexi,3,9575
Hexi,3,9576
Hexi,3,9577
Hexi,3,9578
Hexi,3,9579
Hexi,3,9580
Hexi,3,9581
Hexi,3,9582
Hexi,3,9583
Hexi,3,9584
Hexi,3,9585
Hexi,3,9586
Hexi,3,9587
Hexi,3,9588
Hexi,3,9589
Hexi,3,9590
Hexi,3,9591
Hexi,3,9592
Hexi,3,9593
Hexi,3,9594
Hexi,3,9595
Hexi,3,9596
Hexi,3,9597
Hexi,3,9598
Hexi,3,9599
Hexi,3,9600
Hexi,3,9601
Hexi,3,9602
Hexi,3,9603
Hexi,3,9604
Hexi,3,9605
Hexi,3,9606
Hexi,3,9607
Hexi,3,9608
Hexi,3,9609
Hexi,3,9610
Hexi,3,9611
Hexi,3,9612
Hexi,3,9613
Hexi,3,9614
Hexi,3,9615
Hexi,3,9616
Hexi,3,9617
Hexi,3,9618
Hexi,3,9619
Hexi,3,9620
Hexi,3,9621
Hexi,3,9622
Hexi,3,9623
Hexi,3,9624
Hexi,3,9625
Hexi,3,9626
Hexi,3,9627
Hexi,3,9628
Hexi,3,9629
Hexi,3,9630
Hexi,3,9631
Hexi,3,9632
Hexi,3,9633
Hexi,3,9634
Hexi,3,9635
Hexi,3,9636
Hexi,3,9637
Hexi,3,9638
Hexi,3,9639
Hexi,3,9640
Hexi,3,9641
Hexi,3,9642
Hexi,3,9643
Hexi,3,9644
Hexi,3,9645
Hexi,3,9646
Hexi,3,9647
Hexi,3,9648
Hexi,3,9649
Hexi,3,9650
Hexi,3,9651
Hexi,3,9652
Hexi,3,9653
Hexi,3,9654
Hexi,3,9655
Hexi,3,9656
Hexi,3,9657
Hexi,3,9658
Hexi,3,9659
Hexi,3,9660
Hexi,3,9661
Hexi,3,9662
Hexi,3,9663
Hexi,3,9664
Hexi,3,9665
Hexi,3,9666
Hexi,3,9667
Hexi,3,9668
Hexi,3,9669
Hexi,3,9670
Hexi,3,9671
Hexi,3,9672
Hexi,3,9673
Hexi,3,9674
Hexi,3,9675
Hexi,3,9676
Hexi,3,9677
Hexi,3,9678
Hexi,3,9890
Hexi,3,9891
Hexi,3,9892
Hexi,3,9893
Hexi,3,9894
Hexi,3,9895
Hexi,3,9896
Hexi,3,9897
Hexi,3,9898
Hexi,3,9899
Hexi,3,9900
Hexi,3,9901
Hexi,3,9902
Hexi,3,9903
Hexi,3,9904
Hexi,3,9905
Hexi,3,9906
Hexi,3,9907
Hexi,3,9908
Hexi,3,9909
Hexi,3,9910
Hexi,3,9911
Hexi,3,9912
Hexi,3,9913
Hexi,3,9914
Hexi,3,9915
Hexi,3,9916
Hexi,3,9917
Hexi,3,9918
Hexi,3,9919
Hexi,3,9920
Hexi,3,9921
Hexi,3,9922
Hexi,3,9923
Hexi,3,9924
Hexi,3,9925
Hexi,3,9926
Hexi,3,9927
Hexi,3,9928
Hexi,3,9929
Hexi,3,9930
Hexi,3,9931
Hexi,3,9932
Hexi,3,9933
Hexi,3,9934
Hexi,3,9935
Hexi,3,9936
Hexi,3,9937
Hexi,3,9938
Hexi,3,9939
Hexi,3,9940
Hexi,3,9941
Hexi,3,9942
Hexi,3,9943
Hexi,3,9944
Hexi,3,9945
Hexi,3,9946
Hexi,3,9947
Hexi,3,9948
Hexi,3,9949
Hexi,3,9950
Hexi,3,9951
Hexi,3,9952
Hexi,3,9953
Hexi,3,9954
Hexi,3,9955
Hexi,3,9956
Hexi,3,9957
Hexi,3,9958
Hexi,3,9959
Hexi,3,9960
Hexi,3,9961
Hexi,3,9962
Hexi,3,9963
Hexi,3,9964
Hexi,3,9965
Hexi,3,9966
Hexi,3,9967
Hexi,3,9968
Hexi,3,9969
Hexi,3,9970
Hexi,3,9971
Hexi,3,9972
Hexi,3,9973
Hexi,3,9974
Hexi,3,9975
Hexi,3,9976
Hexi,3,9977
Hexi,3,9978
Hexi,3,9979
Hexi,3,9980
Hexi,3,9981
Hexi,3,9982
Hexi,3,9983
Hexi,3,9984
Hexi,3,9985
Hexi,3,9986
Hexi,3,9987
Hexi,3,9988
Hexi,3,9989
Hexi,3,9990
Hexi,3,9991
Hexi,3,9992
Hexi,3,9993
Hexi,3,9994
Hexi,3,9995
Hexi,3,9996
Hexi,3,9997
Hexi,3,9998
Hexi,3,9999
Hexi,3,10000
Hexi,3,10001
Hexi,3,10002
Hexi,3,10003
Hexi,3,10004
Hexi,3,10005
Hexi,3,10006
Hexi,3,10007
Hexi,3,10008
Hexi,3,10009
Hexi,3,10010
Hexi,3,10011
Hexi,3,10012
Hexi,3,10013
Hexi,3,10014
Hexi,3,10015
Hexi,3,10016
Hexi,3,10017
Hexi,3,10018
Hexi,3,10019
Hexi,3,10020
Hexi,3,10021
Hexi,3,10022
Hexi,3,10023
Hexi,3,10024
Hexi,3,10025
Hexi,3,10026
Hexi,3,10027
Hexi,3,10028
Hexi,3,10029
Hexi,3,10030
Hexi,3,10031
Hexi,3,10032
Hexi,3,10033
Hexi,3,10034
Hexi,3,10035
Hexi,3,10036
Hexi,3,10037
Hexi,3,10038
Hexi,3,10039
Hexi,3,10040
Hexi,3,10041
Hexi,3,10042
Hexi,3,10043
Hexi,3,10044
Hexi,3,10045
Hexi,3,10046
Hexi,3,10047
Hexi,3,10048
Hexi,3,10049
Hexi,3,10261
Hexi,3,10262
Hexi,3,10263
Hexi,3,10264
Hexi,3,10265
Hexi,3,10266
Hexi,3,10267
Hexi,3,10268
Hexi,3,10269
Hexi,3,10270
Hexi,3,10271
Hexi,3,10272
Hexi,3,10273
Hexi,3,10274
Hexi,3,10275
Hexi,3,10276
Hexi,3,10277
Hexi,3,10278
Hexi,3,10279
Hexi,3,10280
Hexi,3,10281
Hexi,3,10282
Hexi,3,10283
Hexi,3,10284
Hexi,3,10285
Hexi,3,10286
Hexi,3,10287
Hexi,3,10288
Hexi,3,10289
Hexi,3,10290
Hexi,3,10291
Hexi,3,10292
Hexi,3,10293
Hexi,3,10294
Hexi,3,10295
Hexi,3,10296
Hexi,3,10297
Hexi,3,10298
Hexi,3,10299
Hexi,3,10300
Hexi,3,10301
Hexi,3,10302
Hexi,3,10303
Hexi,3,10304
Hexi,3,10305
Hexi,3,10306
Hexi,3,10307
Hexi,3,10308
Hexi,3,10309
Hexi,3,10310
Hexi,3,10311
Hexi,3,10312
Hexi,3,10313
Hexi,3,10314
Hexi,3,10315
Hexi,3,10316
Hexi,3,10317
Hexi,3,10318
Hexi,3,10319
Hexi,3,10320
Hexi,3,10321
Hexi,3,10322
Hexi,3,10323
Hexi,3,10324
Hexi,3,10325
Hexi,3,10326
Hexi,3,10327
Hexi,3,10328
Hexi,3,10329
Hexi,3,10330
Hexi,3,10331
Hexi,3,10332
Hexi,3,10333
Hexi,3,10334
Hexi,3,10335
Hexi,3,10336
Hexi,3,10337
Hexi,3,10338
Hexi,3,10339
Hexi,3,10340
Hexi,3,10341
Hexi,3,10342
Hexi,3,10343
Hexi,3,10344
Hexi,3,10345
Hexi,3,10346
Hexi,3,10347
Hexi,3,10348
Hexi,3,10349
Hexi,3,10350
Hexi,3,10351
Hexi,3,10352
Hexi,3,10353
Hexi,3,10354
Hexi,3,10355
Hexi,3,10356
Hexi,3,10357
Hexi,3,10358
Hexi,3,10359
Hexi,3,10360
Hexi,3,10361
Hexi,3,10362
Hexi,3,10363
Hexi,3,10364
Hexi,3,10365
Hexi,3,10366
Hexi,3,10367
Hexi,3,10368
Hexi,3,10369
Hexi,3,10370
Hexi,3,10371
Hexi,3,10372
Hexi,3,10373
Hexi,3,10374
Hexi,3,10375
Hexi,3,10376
Hexi,3,10377
Hexi,3,10378
Hexi,3,10379
Hexi,3,10380
Hexi,3,10381
Hexi,3,10382
Hexi,3,10383
Hexi,3,10384
Hexi,3,10385
Hexi,3,10386
Hexi,3,10387
Hexi,3,10388
Hexi,3,10389
Hexi,3,10390
Hexi,3,10391
Hexi,3,10392
Hexi,3,10393
Hexi,3,10394
Hexi,3,10395
Hexi,3,10396
Hexi,3,10397
Hexi,3,10398
Hexi,3,10399
Hexi,3,10400
Hexi,3,10401
Hexi,3,10402
Hexi,3,10403
Hexi,3,10404
Hexi,3,10405
Hexi,3,10406
Hexi,3,10407
Hexi,3,10408
Hexi,3,10409
Hexi,3,10410
Hexi,3,10411
Hexi,3,10412
Hexi,3,10413
Hexi,3,10414
Hexi,3,10415
Hexi,3,10416
Hexi,3,10417
Hexi,3,10418
Hexi,3,10628
Hexi,3,10629
Hexi,3,10630
Hexi,3,10631
Hexi,3,10632
Hexi,3,10633
Hexi,3,10634
Hexi,3,10635
Hexi,3,10636
Hexi,3,10637
Hexi,3,10638
Hexi,3,10639
Hexi,3,10640
Hexi,3,10641
Hexi,3,10642
Hexi,3,10643
Hexi,3,10644
Hexi,3,10645
Hexi,3,10646
Hexi,3,10647
Hexi,3,10648
Hexi,3,10649
Hexi,3,10650
Hexi,3,10651
Hexi,3,10652
Hexi,3,10653
Hexi,3,10654
Hexi,3,10655
Hexi,3,10656
Hexi,3,10657
Hexi,3,10658
Hexi,3,10659
Hexi,3,10660
Hexi,3,10661
Hexi,3,10662
Hexi,3,10663
Hexi,3,10664
Hexi,3,10665
Hexi,3,10666
Hexi,3,10667
Hexi,3,10668
Hexi,3,10669
Hexi,3,10670
Hexi,3,10671
Hexi,3,10672
Hexi,3,10673
Hexi,3,10674
Hexi,3,10675
Hexi,3,10676
Hexi,3,10677
Hexi,3,10678
Hexi,3,10679
Hexi,3,10680
Hexi,3,10681
Hexi,3,10682
Hexi,3,10683
Hexi,3,10684
Hexi,3,10685
Hexi,3,10686
Hexi,3,10687
Hexi,3,10688
Hexi,3,10689
Hexi,3,10690
Hexi,3,10691
Hexi,3,10692
Hexi,3,10693
Hexi,3,10694
Hexi,3,10695
Hexi,3,10696
Hexi,3,10697
Hexi,3,10698
Hexi,3,10699
Hexi,3,10700
Hexi,3,10701
Hexi,3,10702
Hexi,3,10703
Hexi,3,10704
Hexi,3,10705
Hexi,3,10706
Hexi,3,10707
Hexi,3,10708
Hexi,3,10709
Hexi,3,10710
Hexi,3,10711
Hexi,3,10712
Hexi,3,10713
Hexi,3,10714
Hexi,3,10715
Hexi,3,10716
Hexi,3,10717
Hexi,3,10718
Hexi,3,10719
Hexi,3,10720
Hexi,3,10721
Hexi,3,10722
Hexi,3,10723
Hexi,3,10724
Hexi,3,10725
Hexi,3,10726
Hexi,3,10727
Hexi,3,10728
Hexi,3,10729
Hexi,3,10730
Hexi,3,10731
Hexi,3,10732
Hexi,3,10733
Hexi,3,10734
Hexi,3,10735
Hexi,3,10736
Hexi,3,10737
Hexi,3,10738
Hexi,3,10739
Hexi,3,10740
Hexi,3,10741
Hexi,3,10742
Hexi,3,10743
Hexi,3,10744
Hexi,3,10745
Hexi,3,10746
Hexi,3,10747
Hexi,3,10748
Hexi,3,10749
Hexi,3,10750
Hexi,3,10751
Hexi,3,10752
Hexi,3,10753
Hexi,3,10754
Hexi,3,10755
Hexi,3,10756
Hexi,3,10757
Hexi,3,10758
Hexi,3,10759
Hexi,3,10760
Hexi,3,10761
Hexi,3,10762
Hexi,3,10763
Hexi,3,10764
Hexi,3,10765
Hexi,3,10766
Hexi,3,10767
Hexi,3,10768
Hexi,3,10769
Hexi,3,10770
Hexi,3,10771
Hexi,3,10772
Hexi,3,10773
Hexi,3,10774
Hexi,3,10775
Hexi,3,10776
Hexi,3,10777
Hexi,3,10778
Hexi,3,10779
Hexi,3,10780
Hexi,3,10781
Hexi,3,10782
Hexi,3,10783
Hexi,3,10784
Hexi,3,10785
Hexi,3,10995
Hexi,3,10996
Hexi,3,10997
Hexi,3,10998
Hexi,3,10999
Hexi,3,11000
Hexi,3,11001
Hexi,3,11002
Hexi,3,11003
Hexi,3,11004
Hexi,3,11005
Hexi,3,11006
Hexi,3,11007
Hexi,3,11008
Hexi,3,11009
Hexi,3,11010
Hexi,3,11011
Hexi,3,11012
Hexi,3,11013
Hexi,3,11014
Hexi,3,11015
Hexi,3,11016
Hexi,3,11017
Hexi,3,11018
Hexi,3,11019
Hexi,3,11020
Hexi,3,11021
Hexi,3,11022
Hexi,3,11023
Hexi,3,11024
Hexi,3,11025
Hexi,3,11026
Hexi,3,11027
Hexi,3,11028
Hexi,3,11029
Hexi,3,11030
Hexi,3,11031
Hexi,3,11032
Hexi,3,11033
Hexi,3,11034
Hexi,3,11035
Hexi,3,11036
Hexi,3,11037
Hexi,3,11038
Hexi,3,11039
Hexi,3,11040
Hexi,3,11041
Hexi,3,11042
Hexi,3,11043
Hexi,3,11044
Hexi,3,11045
Hexi,3,11046
Hexi,3,11047
Hexi,3,11048
Hexi,3,11049
Hexi,3,11050
Hexi,3,11051
Hexi,3,11052
Hexi,3,11053
Hexi,3,11054
Hexi,3,11055
Hexi,3,11056
Hexi,3,11057
Hexi,3,11058
Hexi,3,11059
Hexi,3,11060
Hexi,3,11061
Hexi,3,11062
Hexi,3,11063
Hexi,3,11064
Hexi,3,11065
Hexi,3,11066
Hexi,3,11067
Hexi,3,11068
Hexi,3,11069
Hexi,3,11070
Hexi,3,11071
Hexi,3,11072
Hexi,3,11073
Hexi,3,11074
Hexi,3,11075
Hexi,3,11076
Hexi,3,11077
Hexi,3,11078
Hexi,3,11079
Hexi,3,11080
Hexi,3,11081
Hexi,3,11082
Hexi,3,11083
Hexi,3,11084
Hexi,3,11085
Hexi,3,11086
Hexi,3,11087
Hexi,3,11088
Hexi,3,11089
Hexi,3,11090
Hexi,3,11091
Hexi,3,11092
Hexi,3,11093
Hexi,3,11094
Hexi,3,11095
Hexi,3,11096
Hexi,3,11097
Hexi,3,11098
Hexi,3,11099
Hexi,3,11100
Hexi,3,11101
Hexi,3,11102
Hexi,3,11103
Hexi,3,11104
Hexi,3,11105
Hexi,3,11106
Hexi,3,11107
Hexi,3,11108
Hexi,3,11109
Hexi,3,11110
Hexi,3,11111
Hexi,3,11112
Hexi,3,11113
Hexi,3,11114
Hexi,3,11115
Hexi,3,11116
Hexi,3,11117
Hexi,3,11118
Hexi,3,11119
Hexi,3,11120
Hexi,3,11121
Hexi,3,11122
Hexi,3,11123
Hexi,3,11124
Hexi,3,11125
Hexi,3,11126
Hexi,3,11127
Hexi,3,11128
Hexi,3,11129
Hexi,3,11130
Hexi,3,11131
Hexi,3,11132
Hexi,3,11133
Hexi,3,11134
Hexi,3,11135
Hexi,3,11136
Hexi,3,11137
Hexi,3,11138
Hexi,3,11139
Hexi,3,11140
Hexi,3,11141
Hexi,3,11142
Hexi,3,11143
Hexi,3,11144
Hexi,3,11145
Hexi,3,11146
Hexi,3,11147
Hexi,3,11148
Hexi,3,11149
Hexi,3,11150
Hexi,3,11151
Hexi,3,11152
Hexi,3,11363
Hexi,3,11364
Hexi,3,11365
Hexi,3,11366
Hexi,3,11367
Hexi,3,11368
Hexi,3,11369
Hexi,3,11370
Hexi,3,11371
Hexi,3,11372
Hexi,3,11373
Hexi,3,11374
Hexi,3,11375
Hexi,3,11376
Hexi,3,11377
Hexi,3,11378
Hexi,3,11379
Hexi,3,11380
Hexi,3,11381
Hexi,3,11382
Hexi,3,11383
Hexi,3,11384
Hexi,3,11385
Hexi,3,11386
Hexi,3,11387
Hexi,3,11388
Hexi,3,11389
Hexi,3,11390
Hexi,3,11391
Hexi,3,11392
Hexi,3,11393
Hexi,3,11394
Hexi,3,11395
Hexi,3,11396
Hexi,3,11397
Hexi,3,11398
Hexi,3,11399
Hexi,3,11400
Hexi,3,11401
Hexi,3,11402
Hexi,3,11403
Hexi,3,11404
Hexi,3,11405
Hexi,3,11406
Hexi,3,11407
Hexi,3,11408
Hexi,3,11409
Hexi,3,11410
Hexi,3,11411
Hexi,3,11412
Hexi,3,11413
Hexi,3,11414
Hexi,3,11415
Hexi,3,11416
Hexi,3,11417
Hexi,3,11418
Hexi,3,11419
Hexi,3,11420
Hexi,3,11421
Hexi,3,11422
Hexi,3,11423
Hexi,3,11424
Hexi,3,11425
Hexi,3,11426
Hexi,3,11427
Hexi,3,11428
Hexi,3,11429
Hexi,3,11430
Hexi,3,11431
Hexi,3,11432
Hexi,3,11433
Hexi,3,11434
Hexi,3,11435
Hexi,3,11436
Hexi,3,11437
Hexi,3,11438
Hexi,3,11439
Hexi,3,11440
Hexi,3,11441
Hexi,3,11442
Hexi,3,11443
Hexi,3,11444
Hexi,3,11445
Hexi,3,11446
Hexi,3,11447
Hexi,3,11448
Hexi,3,11449
Hexi,3,11450
Hexi,3,11451
Hexi,3,11452
Hexi,3,11453
Hexi,3,11454
Hexi,3,11455
Hexi,3,11456
Hexi,3,11457
Hexi,3,11458
Hexi,3,11459
Hexi,3,11460
Hexi,3,11461
Hexi,3,11462
Hexi,3,11463
Hexi,3,11464
Hexi,3,11465
Hexi,3,11466
Hexi,3,11467
Hexi,3,11468
Hexi,3,11469
Hexi,3,11470
Hexi,3,11471
Hexi,3,11472
Hexi,3,11473
Hexi,3,11474
Hexi,3,11475
Hexi,3,11476
Hexi,3,11477
Hexi,3,11478
Hexi,3,11479
Hexi,3,11480
Hexi,3,11481
Hexi,3,11482
Hexi,3,11483
Hexi,3,11484
Hexi,3,11485
Hexi,3,11486
Hexi,3,11487
Hexi,3,11488
Hexi,3,11489
Hexi,3,11490
Hexi,3,11491
Hexi,3,11492
Hexi,3,11493
Hexi,3,11494
Hexi,3,11495
Hexi,3,11496
Hexi,3,11497
Hexi,3,11498
Hexi,3,11499
Hexi,3,11500
Hexi,3,11501
Hexi,3,11502
Hexi,3,11503
Hexi,3,11504
Hexi,3,11505
Hexi,3,11506
Hexi,3,11507
Hexi,3,11508
Hexi,3,11509
Hexi,3,11510
Hexi,3,11511
Hexi,3,11512
Hexi,3,11513
Hexi,3,11514
Hexi,3,11515
Hexi,3,11516
Hexi,3,11517
Hexi,3,11518
Hexi,3,11519
Hexi,3,11520
Hexi,3,11732
Hexi,3,11733
Hexi,3,11734
Hexi,3,11735
Hexi,3,11736
Hexi,3,11737
Hexi,3,11738
Hexi,3,11739
Hexi,3,11740
Hexi,3,11741
Hexi,3,11742
Hexi,3,11743
Hexi,3,11744
Hexi,3,11745
Hexi,3,11746
Hexi,3,11747
Hexi,3,11748
Hexi,3,11749
Hexi,3,11750
Hexi,3,11751
Hexi,3,11752
Hexi,3,11753
Hexi,3,11754
Hexi,3,11755
Hexi,3,11756
Hexi,3,11757
Hexi,3,11758
Hexi,3,11759
Hexi,3,11760
Hexi,3,11761
Hexi,3,11762
Hexi,3,11763
Hexi,3,11764
Hexi,3,11765
Hexi,3,11766
Hexi,3,11767
Hexi,3,11768
Hexi,3,11769
Hexi,3,11770
Hexi,3,11771
Hexi,3,11772
Hexi,3,11773
Hexi,3,11774
Hexi,3,11775
Hexi,3,11776
Hexi,3,11777
Hexi,3,11778
Hexi,3,11779
Hexi,3,11780
Hexi,3,11781
Hexi,3,11782
Hexi,3,11783
Hexi,3,11784
Hexi,3,11785
Hexi,3,11786
Hexi,3,11787
Hexi,3,11788
Hexi,3,11789
Hexi,3,11790
Hexi,3,11791
Hexi,3,11792
Hexi,3,11793
Hexi,3,11794
Hexi,3,11795
Hexi,3,11796
Hexi,3,11797
Hexi,3,11798
Hexi,3,11799
Hexi,3,11800
Hexi,3,11801
Hexi,3,11802
Hexi,3,11803
Hexi,3,11804
Hexi,3,11805
Hexi,3,11806
Hexi,3,11807
Hexi,3,11808
Hexi,3,11809
Hexi,3,11810
Hexi,3,11811
Hexi,3,11812
Hexi,3,11813
Hexi,3,11814
Hexi,3,11815
Hexi,3,11816
Hexi,3,11817
Hexi,3,11818
Hexi,3,11819
Hexi,3,11820
Hexi,3,11821
Hexi,3,11822
Hexi,3,11823
Hexi,3,11824
Hexi,3,11825
Hexi,3,11826
Hexi,3,11827
Hexi,3,11828
Hexi,3,11829
Hexi,3,11830
Hexi,3,11831
Hexi,3,11832
Hexi,3,11833
Hexi,3,11834
Hexi,3,11835
Hexi,3,11836
Hexi,3,11837
Hexi,3,11838
Hexi,3,11839
Hexi,3,11840
Hexi,3,11841
Hexi,3,11842
Hexi,3,11843
Hexi,3,11844
Hexi,3,11845
Hexi,3,11846
Hexi,3,11847
Hexi,3,11848
Hexi,3,11849
Hexi,3,11850
Hexi,3,11851
Hexi,3,11852
Hexi,3,11853
Hexi,3,11854
Hexi,3,11855
Hexi,3,11856
Hexi,3,11857
Hexi,3,11858
Hexi,3,11859
Hexi,3,11860
Hexi,3,11861
Hexi,3,11862
Hexi,3,11863
Hexi,3,11864
Hexi,3,11865
Hexi,3,11866
Hexi,3,11867
Hexi,3,11868
Hexi,3,11869
Hexi,3,11870
Hexi,3,11871
Hexi,3,11872
Hexi,3,11873
Hexi,3,11874
Hexi,3,11875
Hexi,3,11876
Hexi,3,11877
Hexi,3,11878
Hexi,3,11879
Hexi,3,11880
Hexi,3,11881
Hexi,3,11882
Hexi,3,11883
Hexi,3,11884
Hexi,3,11885
Hexi,3,11886
Hexi,3,11887
Hexi,3,11888
Hexi,3,12099
Hexi,3,12100
Hexi,3,12101
Hexi,3,12102
Hexi,3,12103
Hexi,3,12104
Hexi,3,12105
Hexi,3,12106
Hexi,3,12107
Hexi,3,12108
Hexi,3,12109
Hexi,3,12110
Hexi,3,12111
Hexi,3,12112
Hexi,3,12113
Hexi,3,12114
Hexi,3,12115
Hexi,3,12116
Hexi,3,12117
Hexi,3,12118
Hexi,3,12119
Hexi,3,12120
Hexi,3,12121
Hexi,3,12122
Hexi,3,12123
Hexi,3,12124
Hexi,3,12125
Hexi,3,12126
Hexi,3,12127
Hexi,3,12128
Hexi,3,12129
Hexi,3,12130
Hexi,3,12131
Hexi,3,12132
Hexi,3,12133
Hexi,3,12134
Hexi,3,12135
Hexi,3,12136
Hexi,3,12137
Hexi,3,12138
Hexi,3,12139
Hexi,3,12140
Hexi,3,12141
Hexi,3,12142
Hexi,3,12143
Hexi,3,12144
Hexi,3,12145
Hexi,3,12146
Hexi,3,12147
Hexi,3,12148
Hexi,3,12149
Hexi,3,12150
Hexi,3,12151
Hexi,3,12152
Hexi,3,12153
Hexi,3,12154
Hexi,3,12155
Hexi,3,12156
Hexi,3,12157
Hexi,3,12158
Hexi,3,12159
Hexi,3,12160
Hexi,3,12161
Hexi,3,12162
Hexi,3,12163
Hexi,3,12164
Hexi,3,12165
Hexi,3,12166
Hexi,3,12167
Hexi,3,12168
Hexi,3,12169
Hexi,3,12170
Hexi,3,12171
Hexi,3,12172
Hexi,3,12173
Hexi,3,12174
Hexi,3,12175
Hexi,3,12176
Hexi,3,12177
Hexi,3,12178
Hexi,3,12179
Hexi,3,12180
Hexi,3,12181
Hexi,3,12182
Hexi,3,12183
Hexi,3,12184
Hexi,3,12185
Hexi,3,12186
Hexi,3,12187
Hexi,3,12188
Hexi,3,12189
Hexi,3,12190
Hexi,3,12191
Hexi,3,12192
Hexi,3,12193
Hexi,3,12194
Hexi,3,12195
Hexi,3,12196
Hexi,3,12197
Hexi,3,12198
Hexi,3,12199
Hexi,3,12200
Hexi,3,12201
Hexi,3,12202
Hexi,3,12203
Hexi,3,12204
Hexi,3,12205
Hexi,3,12206
Hexi,3,12207
Hexi,3,12208
Hexi,3,12209
Hexi,3,12210
Hexi,3,12211
Hexi,3,12212
Hexi,3,12213
Hexi,3,12214
Hexi,3,12215
Hexi,3,12216
Hexi,3,12217
Hexi,3,12218
Hexi,3,12219
Hexi,3,12220
Hexi,3,12221
Hexi,3,12222
Hexi,3,12223
Hexi,3,12224
Hexi,3,12225
Hexi,3,12226
Hexi,3,12227
Hexi,3,12228
Hexi,3,12229
Hexi,3,12230
Hexi,3,12231
Hexi,3,12232
Hexi,3,12233
Hexi,3,12234
Hexi,3,12235
Hexi,3,12236
Hexi,3,12237
Hexi,3,12238
Hexi,3,12239
Hexi,3,12240
Hexi,3,12241
Hexi,3,12242
Hexi,3,12243
Hexi,3,12244
Hexi,3,12245
Hexi,3,12246
Hexi,3,12247
Hexi,3,12248
Hexi,3,12249
Hexi,3,12250
Hexi,3,12251
Hexi,3,12252
Hexi,3,12253
Hexi,3,12254
Hexi,3,12464
Hexi,3,12465
Hexi,3,12466
Hexi,3,12467
Hexi,3,12468
Hexi,3,12469
Hexi,3,12470
Hexi,3,12471
Hexi,3,12472
Hexi,3,12473
Hexi,3,12474
Hexi,3,12475
Hexi,3,12476
Hexi,3,12477
Hexi,3,12478
Hexi,3,12479
Hexi,3,12480
Hexi,3,12481
Hexi,3,12482
Hexi,3,12483
Hexi,3,12484
Hexi,3,12485
Hexi,3,12486
Hexi,3,12487
Hexi,3,12488
Hexi,3,12489
Hexi,3,12490
Hexi,3,12491
Hexi,3,12492
Hexi,3,12493
Hexi,3,12494
Hexi,3,12495
Hexi,3,12496
Hexi,3,12497
Hexi,3,12498
Hexi,3,12499
Hexi,3,12500
Hexi,3,12501
Hexi,3,12502
Hexi,3,12503
Hexi,3,12504
Hexi,3,12505
Hexi,3,12506
Hexi,3,12507
Hexi,3,12508
Hexi,3,12509
Hexi,3,12510
Hexi,3,12511
Hexi,3,12512
Hexi,3,12513
Hexi,3,12514
Hexi,3,12515
Hexi,3,12516
Hexi,3,12517
Hexi,3,12518
Hexi,3,12519
Hexi,3,12520
Hexi,3,12521
Hexi,3,12522
Hexi,3,12523
Hexi,3,12524
Hexi,3,12525
Hexi,3,12526
Hexi,3,12527
Hexi,3,12528
Hexi,3,12529
Hexi,3,12530
Hexi,3,12531
Hexi,3,12532
Hexi,3,12533
Hexi,3,12534
Hexi,3,12535
Hexi,3,12536
Hexi,3,12537
Hexi,3,12538
Hexi,3,12539
Hexi,3,12540
Hexi,3,12541
Hexi,3,12542
Hexi,3,12543
Hexi,3,12544
Hexi,3,12545
Hexi,3,12546
Hexi,3,12547
Hexi,3,12548
Hexi,3,12549
Hexi,3,12550
Hexi,3,12551
Hexi,3,12552
Hexi,3,12553
Hexi,3,12554
Hexi,3,12555
Hexi,3,12556
Hexi,3,12557
Hexi,3,12558
Hexi,3,12559
Hexi,3,12560
Hexi,3,12561
Hexi,3,12562
Hexi,3,12563
Hexi,3,12564
Hexi,3,12565
Hexi,3,12566
Hexi,3,12567
Hexi,3,12568
Hexi,3,12569
Hexi,3,12570
Hexi,3,12571
Hexi,3,12572
Hexi,3,12573
Hexi,3,12574
Hexi,3,12575
Hexi,3,12576
Hexi,3,12577
Hexi,3,12578
Hexi,3,12579
Hexi,3,12580
Hexi,3,12581
Hexi,3,12582
Hexi,3,12583
Hexi,3,12584
Hexi,3,12585
Hexi,3,12586
Hexi,3,12587
Hexi,3,12588
Hexi,3,12589
Hexi,3,12590
Hexi,3,12591
Hexi,3,12592
Hexi,3,12593
Hexi,3,12594
Hexi,3,12595
Hexi,3,12596
Hexi,3,12597
Hexi,3,12598
Hexi,3,12599
Hexi,3,12600
Hexi,3,12601
Hexi,3,12602
Hexi,3,12603
Hexi,3,12604
Hexi,3,12605
Hexi,3,12606
Hexi,3,12607
Hexi,3,12608
Hexi,3,12609
Hexi,3,12610
Hexi,3,12611
Hexi,3,12612
Hexi,3,12613
Hexi,3,12614
Hexi,3,12615
Hexi,3,12616
Hexi,3,12617
Hexi,3,12618
Hexi,3,12619
Hexi,3,12620
Hexi,3,12830
Hexi,3,12831
Hexi,3,12832
Hexi,3,12833
Hexi,3,12834
Hexi,3,12835
Hexi,3,12836
Hexi,3,12837
Hexi,3,12838
Hexi,3,12839
Hexi,3,12840
Hexi,3,12841
Hexi,3,12842
Hexi,3,12843
Hexi,3,12844
Hexi,3,12845
Hexi,3,12846
Hexi,3,12847
Hexi,3,12848
Hexi,3,12849
Hexi,3,12850
Hexi,3,12851
Hexi,3,12852
Hexi,3,12853
Hexi,3,12854
Hexi,3,12855
Hexi,3,12856
Hexi,3,12857
Hexi,3,12858
Hexi,3,12859
Hexi,3,12860
Hexi,3,12861
Hexi,3,12862
Hexi,3,12863
Hexi,3,12864
Hexi,3,12865
Hexi,3,12866
Hexi,3,12867
Hexi,3,12868
Hexi,3,12869
Hexi,3,12870
Hexi,3,12871
Hexi,3,12872
Hexi,3,12873
Hexi,3,12874
Hexi,3,12875
Hexi,3,12876
Hexi,3,12877
Hexi,3,12878
Hexi,3,12879
Hexi,3,12880
Hexi,3,12881
Hexi,3,12882
Hexi,3,12883
Hexi,3,12884
Hexi,3,12885
Hexi,3,12886
Hexi,3,12887
Hexi,3,12888
Hexi,3,12889
Hexi,3,12890
Hexi,3,12891
Hexi,3,12892
Hexi,3,12893
Hexi,3,12894
Hexi,3,12895
Hexi,3,12896
Hexi,3,12897
Hexi,3,12898
Hexi,3,12899
Hexi,3,12900
Hexi,3,12901
Hexi,3,12902
Hexi,3,12903
Hexi,3,12904
Hexi,3,12905
Hexi,3,12906
Hexi,3,12907
Hexi,3,12908
Hexi,3,12909
Hexi,3,12910
Hexi,3,12911
Hexi,3,12912
Hexi,3,12913
Hexi,3,12914
Hexi,3,12915
Hexi,3,12916
Hexi,3,12917
Hexi,3,12918
Hexi,3,12919
Hexi,3,12920
Hexi,3,12921
Hexi,3,12922
Hexi,3,12923
Hexi,3,12924
Hexi,3,12925
Hexi,3,12926
Hexi,3,12927
Hexi,3,12928
Hexi,3,12929
Hexi,3,12930
Hexi,3,12931
Hexi,3,12932
Hexi,3,12933
Hexi,3,12934
Hexi,3,12935
Hexi,3,12936
Hexi,3,12937
Hexi,3,12938
Hexi,3,12939
Hexi,3,12940
Hexi,3,12941
Hexi,3,12942
Hexi,3,12943
Hexi,3,12944
Hexi,3,12945
Hexi,3,12946
Hexi,3,12947
Hexi,3,12948
Hexi,3,12949
Hexi,3,12950
Hexi,3,12951
Hexi,3,12952
Hexi,3,12953
Hexi,3,12954
Hexi,3,12955
Hexi,3,12956
Hexi,3,12957
Hexi,3,12958
Hexi,3,12959
Hexi,3,12960
Hexi,3,12961
Hexi,3,12962
Hexi,3,12963
Hexi,3,12964
Hexi,3,12965
Hexi,3,12966
Hexi,3,12967
Hexi,3,12968
Hexi,3,12969
Hexi,3,12970
Hexi,3,12971
Hexi,3,12972
Hexi,3,12973
Hexi,3,12974
Hexi,3,12975
Hexi,3,12976
Hexi,3,12977
Hexi,3,12978
Hexi,3,12979
Hexi,3,12980
Hexi,3,12981
Hexi,3,12982
Hexi,3,12983
Hexi,3,12984
Hexi,3,12985
Hexi,3,12986
Hexi,3,12987
Hexi,3,13192
Hexi,3,13193
Hexi,3,13194
Hexi,3,13195
Hexi,3,13196
Hexi,3,13197
Hexi,3,13198
Hexi,3,13199
Hexi,3,13200
Hexi,3,13201
Hexi,3,13202
Hexi,3,13203
Hexi,3,13204
Hexi,3,13205
Hexi,3,13206
Hexi,3,13207
Hexi,3,13208
Hexi,3,13209
Hexi,3,13210
Hexi,3,13211
Hexi,3,13212
Hexi,3,13213
Hexi,3,13214
Hexi,3,13215
Hexi,3,13216
Hexi,3,13217
Hexi,3,13218
Hexi,3,13219
Hexi,3,13220
Hexi,3,13221
Hexi,3,13222
Hexi,3,13223
Hexi,3,13224
Hexi,3,13225
Hexi,3,13226
Hexi,3,13227
Hexi,3,13228
Hexi,3,13229
Hexi,3,13230
Hexi,3,13231
Hexi,3,13232
Hexi,3,13233
Hexi,3,13234
Hexi,3,13235
Hexi,3,13236
Hexi,3,13237
Hexi,3,13238
Hexi,3,13239
Hexi,3,13240
Hexi,3,13241
Hexi,3,13242
Hexi,3,13243
Hexi,3,13244
Hexi,3,13245
Hexi,3,13246
Hexi,3,13247
Hexi,3,13248
Hexi,3,13249
Hexi,3,13250
Hexi,3,13251
Hexi,3,13252
Hexi,3,13253
Hexi,3,13254
Hexi,3,13255
Hexi,3,13256
Hexi,3,13257
Hexi,3,13258
Hexi,3,13259
Hexi,3,13260
Hexi,3,13261
Hexi,3,13262
Hexi,3,13263
Hexi,3,13264
Hexi,3,13265
Hexi,3,13266
Hexi,3,13267
Hexi,3,13268
Hexi,3,13269
Hexi,3,13270
Hexi,3,13271
Hexi,3,13272
Hexi,3,13273
Hexi,3,13274
Hexi,3,13275
Hexi,3,13276
Hexi,3,13277
Hexi,3,13278
Hexi,3,13279
Hexi,3,13280
Hexi,3,13281
Hexi,3,13282
Hexi,3,13283
Hexi,3,13284
Hexi,3,13285
Hexi,3,13286
Hexi,3,13287
Hexi,3,13288
Hexi,3,13289
Hexi,3,13290
Hexi,3,13291
Hexi,3,13292
Hexi,3,13293
Hexi,3,13294
Hexi,3,13295
Hexi,3,13296
Hexi,3,13297
Hexi,3,13298
Hexi,3,13299
Hexi,3,13300
Hexi,3,13301
Hexi,3,13302
Hexi,3,13303
Hexi,3,13304
Hexi,3,13305
Hexi,3,13306
Hexi,3,13307
Hexi,3,13308
Hexi,3,13309
Hexi,3,13310
Hexi,3,13311
Hexi,3,13312
Hexi,3,13313
Hexi,3,13314
Hexi,3,13315
Hexi,3,13316
Hexi,3,13317
Hexi,3,13318
Hexi,3,13319
Hexi,3,13320
Hexi,3,13321
Hexi,3,13322
Hexi,3,13323
Hexi,3,13324
Hexi,3,13325
Hexi,3,13326
Hexi,3,13327
Hexi,3,13328
Hexi,3,13329
Hexi,3,13330
Hexi,3,13331
Hexi,3,13332
Hexi,3,13333
Hexi,3,13334
Hexi,3,13335
Hexi,3,13336
Hexi,3,13337
Hexi,3,13338
Hexi,3,13339
Hexi,3,13340
Hexi,3,13341
Hexi,3,13342
Hexi,3,13343
Hexi,3,13344
Hexi,3,13345
Hexi,3,13346
Hexi,3,13347
Hexi,3,13348
Hexi,3,13552
Hexi,3,13553
Hexi,3,13554
Hexi,3,13555
Hexi,3,13556
Hexi,3,13557
Hexi,3,13558
Hexi,3,13559
Hexi,3,13560
Hexi,3,13561
Hexi,3,13562
Hexi,3,13563
Hexi,3,13564
Hexi,3,13565
Hexi,3,13566
Hexi,3,13567
Hexi,3,13568
Hexi,3,13569
Hexi,3,13570
Hexi,3,13571
Hexi,3,13572
Hexi,3,13573
Hexi,3,13574
Hexi,3,13575
Hexi,3,13576
Hexi,3,13577
Hexi,3,13578
Hexi,3,13579
Hexi,3,13580
Hexi,3,13581
Hexi,3,13582
Hexi,3,13583
Hexi,3,13584
Hexi,3,13585
Hexi,3,13586
Hexi,3,13587
Hexi,3,13588
Hexi,3,13589
Hexi,3,13590
Hexi,3,13591
Hexi,3,13592
Hexi,3,13593
Hexi,3,13594
Hexi,3,13595
Hexi,3,13596
Hexi,3,13597
Hexi,3,13598
Hexi,3,13599
Hexi,3,13600
Hexi,3,13601
Hexi,3,13602
Hexi,3,13603
Hexi,3,13604
Hexi,3,13605
Hexi,3,13606
Hexi,3,13607
Hexi,3,13608
Hexi,3,13609
Hexi,3,13610
Hexi,3,13611
Hexi,3,13612
Hexi,3,13613
Hexi,3,13614
Hexi,3,13615
Hexi,3,13616
Hexi,3,13617
Hexi,3,13618
Hexi,3,13619
Hexi,3,13620
Hexi,3,13621
Hexi,3,13622
Hexi,3,13623
Hexi,3,13624
Hexi,3,13625
Hexi,3,13626
Hexi,3,13627
Hexi,3,13628
Hexi,3,13629
Hexi,3,13630
Hexi,3,13631
Hexi,3,13632
Hexi,3,13633
Hexi,3,13634
Hexi,3,13635
Hexi,3,13636
Hexi,3,13637
Hexi,3,13638
Hexi,3,13639
Hexi,3,13640
Hexi,3,13641
Hexi,3,13642
Hexi,3,13643
Hexi,3,13644
Hexi,3,13645
Hexi,3,13646
Hexi,3,13647
Hexi,3,13648
Hexi,3,13649
Hexi,3,13650
Hexi,3,13651
Hexi,3,13652
Hexi,3,13653
Hexi,3,13654
Hexi,3,13655
Hexi,3,13656
Hexi,3,13657
Hexi,3,13658
Hexi,3,13659
Hexi,3,13660
Hexi,3,13661
Hexi,3,13662
Hexi,3,13663
Hexi,3,13664
Hexi,3,13665
Hexi,3,13666
Hexi,3,13667
Hexi,3,13668
Hexi,3,13669
Hexi,3,13670
Hexi,3,13671
Hexi,3,13672
Hexi,3,13673
Hexi,3,13674
Hexi,3,13675
Hexi,3,13676
Hexi,3,13677
Hexi,3,13678
Hexi,3,13679
Hexi,3,13680
Hexi,3,13681
Hexi,3,13682
Hexi,3,13683
Hexi,3,13684
Hexi,3,13685
Hexi,3,13686
Hexi,3,13687
Hexi,3,13688
Hexi,3,13689
Hexi,3,13690
Hexi,3,13691
Hexi,3,13692
Hexi,3,13693
Hexi,3,13694
Hexi,3,13695
Hexi,3,13696
Hexi,3,13697
Hexi,3,13698
Hexi,3,13699
Hexi,3,13700
Hexi,3,13701
Hexi,3,13702
Hexi,3,13703
Hexi,3,13704
Hexi,3,13705
Hexi,3,13706
Hexi,3,13707
Hexi,3,13908
Hexi,3,13909
Hexi,3,13910
Hexi,3,13911
Hexi,3,13912
Hexi,3,13913
Hexi,3,13914
Hexi,3,13915
Hexi,3,13916
Hexi,3,13917
Hexi,3,13918
Hexi,3,13919
Hexi,3,13920
Hexi,3,13921
Hexi,3,13922
Hexi,3,13923
Hexi,3,13924
Hexi,3,13925
Hexi,3,13926
Hexi,3,13927
Hexi,3,13928
Hexi,3,13929
Hexi,3,13930
Hexi,3,13931
Hexi,3,13932
Hexi,3,13933
Hexi,3,13934
Hexi,3,13935
Hexi,3,13936
Hexi,3,13937
Hexi,3,13938
Hexi,3,13939
Hexi,3,13940
Hexi,3,13941
Hexi,3,13942
Hexi,3,13943
Hexi,3,13944
Hexi,3,13945
Hexi,3,13946
Hexi,3,13947
Hexi,3,13948
Hexi,3,13949
Hexi,3,13950
Hexi,3,13951
Hexi,3,13952
Hexi,3,13953
Hexi,3,13954
Hexi,3,13955
Hexi,3,13956
Hexi,3,13957
Hexi,3,13958
Hexi,3,13959
Hexi,3,13960
Hexi,3,13961
Hexi,3,13962
Hexi,3,13963
Hexi,3,13964
Hexi,3,13965
Hexi,3,13966
Hexi,3,13967
Hexi,3,13968
Hexi,3,13969
Hexi,3,13970
Hexi,3,13971
Hexi,3,13972
Hexi,3,13973
Hexi,3,13974
Hexi,3,13975
Hexi,3,13976
Hexi,3,13977
Hexi,3,13978
Hexi,3,13979
Hexi,3,13980
Hexi,3,13981
Hexi,3,13982
Hexi,3,13983
Hexi,3,13984
Hexi,3,13985
Hexi,3,13986
Hexi,3,13987
Hexi,3,13988
Hexi,3,13989
Hexi,3,13990
Hexi,3,13991
Hexi,3,13992
Hexi,3,13993
Hexi,3,13994
Hexi,3,13995
Hexi,3,13996
Hexi,3,13997
Hexi,3,13998
Hexi,3,13999
Hexi,3,14000
Hexi,3,14001
Hexi,3,14002
Hexi,3,14003
Hexi,3,14004
Hexi,3,14005
Hexi,3,14006
Hexi,3,14007
Hexi,3,14008
Hexi,3,14009
Hexi,3,14010
Hexi,3,14011
Hexi,3,14012
Hexi,3,14013
Hexi,3,14014
Hexi,3,14015
Hexi,3,14016
Hexi,3,14017
Hexi,3,14018
Hexi,3,14019
Hexi,3,14020
Hexi,3,14021
Hexi,3,14022
Hexi,3,14023
Hexi,3,14024
Hexi,3,14025
Hexi,3,14026
Hexi,3,14027
Hexi,3,14028
Hexi,3,14029
Hexi,3,14030
Hexi,3,14031
Hexi,3,14032
Hexi,3,14033
Hexi,3,14034
Hexi,3,14035
Hexi,3,14036
Hexi,3,14037
Hexi,3,14038
Hexi,3,14039
Hexi,3,14040
Hexi,3,14041
Hexi,3,14042
Hexi,3,14043
Hexi,3,14044
Hexi,3,14045
Hexi,3,14046
Hexi,3,14047
Hexi,3,14048
Hexi,3,14049
Hexi,3,14050
Hexi,3,14051
Hexi,3,14052
Hexi,3,14053
Hexi,3,14054
Hexi,3,14055
Hexi,3,14056
Hexi,3,14057
Hexi,3,14058
Hexi,3,14059
Hexi,3,14060
Hexi,3,14061
Hexi,3,14062
Hexi,3,14257
Hexi,3,14258
Hexi,3,14259
Hexi,3,14260
Hexi,3,14261
Hexi,3,14262
Hexi,3,14263
Hexi,3,14264
Hexi,3,14265
Hexi,3,14266
Hexi,3,14267
Hexi,3,14268
Hexi,3,14269
Hexi,3,14270
Hexi,3,14271
Hexi,3,14272
Hexi,3,14273
Hexi,3,14274
Hexi,3,14275
Hexi,3,14276
Hexi,3,14277
Hexi,3,14278
Hexi,3,14279
Hexi,3,14280
Hexi,3,14281
Hexi,3,14282
Hexi,3,14283
Hexi,3,14284
Hexi,3,14285
Hexi,3,14286
Hexi,3,14287
Hexi,3,14288
Hexi,3,14289
Hexi,3,14290
Hexi,3,14291
Hexi,3,14292
Hexi,3,14293
Hexi,3,14294
Hexi,3,14295
Hexi,3,14296
Hexi,3,14297
Hexi,3,14298
Hexi,3,14299
Hexi,3,14300
Hexi,3,14301
Hexi,3,14302
Hexi,3,14303
Hexi,3,14304
Hexi,3,14305
Hexi,3,14306
Hexi,3,14307
Hexi,3,14308
Hexi,3,14309
Hexi,3,14310
Hexi,3,14311
Hexi,3,14312
Hexi,3,14313
Hexi,3,14314
Hexi,3,14315
Hexi,3,14316
Hexi,3,14317
Hexi,3,14318
Hexi,3,14319
Hexi,3,14320
Hexi,3,14321
Hexi,3,14322
Hexi,3,14323
Hexi,3,14324
Hexi,3,14325
Hexi,3,14326
Hexi,3,14327
Hexi,3,14328
Hexi,3,14329
Hexi,3,14330
Hexi,3,14331
Hexi,3,14332
Hexi,3,14333
Hexi,3,14334
Hexi,3,14335
Hexi,3,14336
Hexi,3,14337
Hexi,3,14338
Hexi,3,14339
Hexi,3,14340
Hexi,3,14341
Hexi,3,14342
Hexi,3,14343
Hexi,3,14344
Hexi,3,14345
Hexi,3,14346
Hexi,3,14347
Hexi,3,14348
Hexi,3,14349
Hexi,3,14350
Hexi,3,14351
Hexi,3,14352
Hexi,3,14353
Hexi,3,14354
Hexi,3,14355
Hexi,3,14356
Hexi,3,14357
Hexi,3,14358
Hexi,3,14359
Hexi,3,14360
Hexi,3,14361
Hexi,3,14362
Hexi,3,14363
Hexi,3,14364
Hexi,3,14365
Hexi,3,14366
Hexi,3,14367
Hexi,3,14368
Hexi,3,14369
Hexi,3,14370
Hexi,3,14371
Hexi,3,14372
Hexi,3,14373
Hexi,3,14374
Hexi,3,14375
Hexi,3,14376
Hexi,3,14377
Hexi,3,14378
Hexi,3,14379
Hexi,3,14380
Hexi,3,14381
Hexi,3,14382
Hexi,3,14383
Hexi,3,14384
Hexi,3,14385
Hexi,3,14386
Hexi,3,14387
Hexi,3,14388
Hexi,3,14389
Hexi,3,14390
Hexi,3,14391
Hexi,3,14392
Hexi,3,14393
Hexi,3,14394
Hexi,3,14395
Hexi,3,14396
Hexi,3,14397
Hexi,3,14398
Hexi,3,14399
Hexi,3,14400
Hexi,3,14401
Hexi,3,14402
Hexi,3,14403
Hexi,3,14404
Hexi,3,14405
Hexi,3,14406
Hexi,3,14407
Hexi,3,14594
Hexi,3,14595
Hexi,3,14596
Hexi,3,14597
Hexi,3,14598
Hexi,3,14599
Hexi,3,14600
Hexi,3,14601
Hexi,3,14602
Hexi,3,14603
Hexi,3,14604
Hexi,3,14605
Hexi,3,14606
Hexi,3,14607
Hexi,3,14608
Hexi,3,14609
Hexi,3,14610
Hexi,3,14611
Hexi,3,14612
Hexi,3,14613
Hexi,3,14614
Hexi,3,14615
Hexi,3,14616
Hexi,3,14617
Hexi,3,14618
Hexi,3,14619
Hexi,3,14620
Hexi,3,14621
Hexi,3,14622
Hexi,3,14623
Hexi,3,14624
Hexi,3,14625
Hexi,3,14626
Hexi,3,14627
Hexi,3,14628
Hexi,3,14629
Hexi,3,14630
Hexi,3,14631
Hexi,3,14632
Hexi,3,14633
Hexi,3,14634
Hexi,3,14635
Hexi,3,14636
Hexi,3,14637
Hexi,3,14638
Hexi,3,14639
Hexi,3,14640
Hexi,3,14641
Hexi,3,14642
Hexi,3,14643
Hexi,3,14644
Hexi,3,14645
Hexi,3,14646
Hexi,3,14647
Hexi,3,14648
Hexi,3,14649
Hexi,3,14650
Hexi,3,14651
Hexi,3,14652
Hexi,3,14653
Hexi,3,14654
Hexi,3,14655
Hexi,3,14656
Hexi,3,14657
Hexi,3,14658
Hexi,3,14659
Hexi,3,14660
Hexi,3,14661
Hexi,3,14662
Hexi,3,14663
Hexi,3,14664
Hexi,3,14665
Hexi,3,14666
Hexi,3,14667
Hexi,3,14668
Hexi,3,14669
Hexi,3,14670
Hexi,3,14671
Hexi,3,14672
Hexi,3,14673
Hexi,3,14674
Hexi,3,14675
Hexi,3,14676
Hexi,3,14677
Hexi,3,14678
Hexi,3,14679
Hexi,3,14680
Hexi,3,14681
Hexi,3,14682
Hexi,3,14683
Hexi,3,14684
Hexi,3,14685
Hexi,3,14686
Hexi,3,14687
Hexi,3,14688
Hexi,3,14689
Hexi,3,14690
Hexi,3,14691
Hexi,3,14692
Hexi,3,14693
Hexi,3,14694
Hexi,3,14695
Hexi,3,14696
Hexi,3,14697
Hexi,3,14698
Hexi,3,14699
Hexi,3,14700
Hexi,3,14701
Hexi,3,14702
Hexi,3,14703
Hexi,3,14704
Hexi,3,14705
Hexi,3,14706
Hexi,3,14707
Hexi,3,14708
Hexi,3,14709
Hexi,3,14710
Hexi,3,14711
Hexi,3,14712
Hexi,3,14713
Hexi,3,14714
Hexi,3,14715
Hexi,3,14716
Hexi,3,14717
Hexi,3,14718
Hexi,3,14719
Hexi,3,14720
Hexi,3,14721
Hexi,3,14722
Hexi,3,14723
Hexi,3,14724
Hexi,3,14725
Hexi,3,14726
Hexi,3,14727
Hexi,3,14728
Hexi,3,14729
Hexi,3,14730
Hexi,3,14731
Hexi,3,14732
Hexi,3,14733
Hexi,3,14734
Hexi,3,14735
Hexi,3,14736
Hexi,3,14737
Hexi,3,14738
Hexi,3,14739
Hexi,3,14740
Hexi,3,14741
Hexi,3,14742
Hexi,3,14743
Hexi,3,14931
Hexi,3,14932
Hexi,3,14933
Hexi,3,14934
Hexi,3,14935
Hexi,3,14936
Hexi,3,14937
Hexi,3,14938
Hexi,3,14939
Hexi,3,14940
Hexi,3,14941
Hexi,3,14942
Hexi,3,14943
Hexi,3,14944
Hexi,3,14945
Hexi,3,14946
Hexi,3,14947
Hexi,3,14948
Hexi,3,14949
Hexi,3,14950
Hexi,3,14951
Hexi,3,14952
Hexi,3,14953
Hexi,3,14954
Hexi,3,14955
Hexi,3,14956
Hexi,3,14957
Hexi,3,14958
Hexi,3,14959
Hexi,3,14960
Hexi,3,14961
Hexi,3,14962
Hexi,3,14963
Hexi,3,14964
Hexi,3,14965
Hexi,3,14966
Hexi,3,14967
Hexi,3,14968
Hexi,3,14969
Hexi,3,14970
Hexi,3,14971
Hexi,3,14972
Hexi,3,14973
Hexi,3,14974
Hexi,3,14975
Hexi,3,14976
Hexi,3,14977
Hexi,3,14978
Hexi,3,14979
Hexi,3,14980
Hexi,3,14981
Hexi,3,14982
Hexi,3,14983
Hexi,3,14984
Hexi,3,14985
Hexi,3,14986
Hexi,3,14987
Hexi,3,14988
Hexi,3,14989
Hexi,3,14990
Hexi,3,14991
Hexi,3,14992
Hexi,3,14993
Hexi,3,14994
Hexi,3,14995
Hexi,3,14996
Hexi,3,14997
Hexi,3,14998
Hexi,3,14999
Hexi,3,15000
Hexi,3,15001
Hexi,3,15002
Hexi,3,15003
Hexi,3,15004
Hexi,3,15005
Hexi,3,15006
Hexi,3,15007
Hexi,3,15008
Hexi,3,15009
Hexi,3,15010
Hexi,3,15011
Hexi,3,15012
Hexi,3,15013
Hexi,3,15014
Hexi,3,15015
Hexi,3,15016
Hexi,3,15017
Hexi,3,15018
Hexi,3,15019
Hexi,3,15020
Hexi,3,15021
Hexi,3,15022
Hexi,3,15023
Hexi,3,15024
Hexi,3,15025
Hexi,3,15026
Hexi,3,15027
Hexi,3,15028
Hexi,3,15029
Hexi,3,15030
Hexi,3,15031
Hexi,3,15032
Hexi,3,15033
Hexi,3,15034
Hexi,3,15035
Hexi,3,15036
Hexi,3,15037
Hexi,3,15038
Hexi,3,15039
Hexi,3,15040
Hexi,3,15041
Hexi,3,15042
Hexi,3,15043
Hexi,3,15044
Hexi,3,15045
Hexi,3,15046
Hexi,3,15047
Hexi,3,15048
Hexi,3,15049
Hexi,3,15050
Hexi,3,15051
Hexi,3,15052
Hexi,3,15053
Hexi,3,15054
Hexi,3,15055
Hexi,3,15056
Hexi,3,15057
Hexi,3,15058
Hexi,3,15059
Hexi,3,15060
Hexi,3,15061
Hexi,3,15062
Hexi,3,15063
Hexi,3,15064
Hexi,3,15065
Hexi,3,15066
Hexi,3,15067
Hexi,3,15068
Hexi,3,15069
Hexi,3,15070
Hexi,3,15071
Hexi,3,15072
Hexi,3,15073
Hexi,3,15074
Hexi,3,15075
Hexi,3,15076
Hexi,3,15267
Hexi,3,15268
Hexi,3,15269
Hexi,3,15270
Hexi,3,15271
Hexi,3,15272
Hexi,3,15273
Hexi,3,15274
Hexi,3,15275
Hexi,3,15276
Hexi,3,15277
Hexi,3,15278
Hexi,3,15279
Hexi,3,15280
Hexi,3,15281
Hexi,3,15282
Hexi,3,15283
Hexi,3,15284
Hexi,3,15285
Hexi,3,15286
Hexi,3,15287
Hexi,3,15288
Hexi,3,15289
Hexi,3,15290
Hexi,3,15291
Hexi,3,15292
Hexi,3,15293
Hexi,3,15294
Hexi,3,15295
Hexi,3,15296
Hexi,3,15297
Hexi,3,15298
Hexi,3,15299
Hexi,3,15300
Hexi,3,15301
Hexi,3,15302
Hexi,3,15303
Hexi,3,15304
Hexi,3,15305
Hexi,3,15306
Hexi,3,15307
Hexi,3,15308
Hexi,3,15309
Hexi,3,15310
Hexi,3,15311
Hexi,3,15312
Hexi,3,15313
Hexi,3,15314
Hexi,3,15315
Hexi,3,15316
Hexi,3,15317
Hexi,3,15318
Hexi,3,15319
Hexi,3,15320
Hexi,3,15321
Hexi,3,15322
Hexi,3,15323
Hexi,3,15324
Hexi,3,15325
Hexi,3,15326
Hexi,3,15327
Hexi,3,15328
Hexi,3,15329
Hexi,3,15330
Hexi,3,15331
Hexi,3,15332
Hexi,3,15333
Hexi,3,15334
Hexi,3,15335
Hexi,3,15336
Hexi,3,15337
Hexi,3,15338
Hexi,3,15339
Hexi,3,15340
Hexi,3,15341
Hexi,3,15342
Hexi,3,15343
Hexi,3,15344
Hexi,3,15345
Hexi,3,15346
Hexi,3,15347
Hexi,3,15348
Hexi,3,15349
Hexi,3,15350
Hexi,3,15351
Hexi,3,15352
Hexi,3,15353
Hexi,3,15354
Hexi,3,15355
Hexi,3,15356
Hexi,3,15357
Hexi,3,15358
Hexi,3,15359
Hexi,3,15360
Hexi,3,15361
Hexi,3,15362
Hexi,3,15363
Hexi,3,15364
Hexi,3,15365
Hexi,3,15366
Hexi,3,15367
Hexi,3,15368
Hexi,3,15369
Hexi,3,15370
Hexi,3,15371
Hexi,3,15372
Hexi,3,15373
Hexi,3,15374
Hexi,3,15375
Hexi,3,15376
Hexi,3,15377
Hexi,3,15378
Hexi,3,15379
Hexi,3,15380
Hexi,3,15381
Hexi,3,15382
Hexi,3,15383
Hexi,3,15384
Hexi,3,15385
Hexi,3,15386
Hexi,3,15387
Hexi,3,15388
Hexi,3,15389
Hexi,3,15390
Hexi,3,15391
Hexi,3,15392
Hexi,3,15393
Hexi,3,15394
Hexi,3,15395
Hexi,3,15396
Hexi,3,15397
Hexi,3,15398
Hexi,3,15399
Hexi,3,15400
Hexi,3,15401
Hexi,3,15402
Hexi,3,15403
Hexi,3,15404
Hexi,3,15596
Hexi,3,15597
Hexi,3,15598
Hexi,3,15599
Hexi,3,15600
Hexi,3,15601
Hexi,3,15602
Hexi,3,15603
Hexi,3,15604
Hexi,3,15605
Hexi,3,15606
Hexi,3,15607
Hexi,3,15608
Hexi,3,15609
Hexi,3,15610
Hexi,3,15611
Hexi,3,15612
Hexi,3,15613
Hexi,3,15614
Hexi,3,15615
Hexi,3,15616
Hexi,3,15617
Hexi,3,15618
Hexi,3,15619
Hexi,3,15620
Hexi,3,15621
Hexi,3,15622
Hexi,3,15623
Hexi,3,15624
Hexi,3,15625
Hexi,3,15626
Hexi,3,15627
Hexi,3,15628
Hexi,3,15629
Hexi,3,15630
Hexi,3,15631
Hexi,3,15632
Hexi,3,15633
Hexi,3,15634
Hexi,3,15635
Hexi,3,15636
Hexi,3,15637
Hexi,3,15638
Hexi,3,15639
Hexi,3,15640
Hexi,3,15641
Hexi,3,15642
Hexi,3,15643
Hexi,3,15644
Hexi,3,15645
Hexi,3,15646
Hexi,3,15647
Hexi,3,15648
Hexi,3,15649
Hexi,3,15650
Hexi,3,15651
Hexi,3,15652
Hexi,3,15653
Hexi,3,15654
Hexi,3,15655
Hexi,3,15656
Hexi,3,15657
Hexi,3,15658
Hexi,3,15659
Hexi,3,15660
Hexi,3,15661
Hexi,3,15662
Hexi,3,15663
Hexi,3,15664
Hexi,3,15665
Hexi,3,15666
Hexi,3,15667
Hexi,3,15668
Hexi,3,15669
Hexi,3,15670
Hexi,3,15671
Hexi,3,15672
Hexi,3,15673
Hexi,3,15674
Hexi,3,15675
Hexi,3,15676
Hexi,3,15677
Hexi,3,15678
Hexi,3,15679
Hexi,3,15680
Hexi,3,15681
Hexi,3,15682
Hexi,3,15683
Hexi,3,15684
Hexi,3,15685
Hexi,3,15686
Hexi,3,15687
Hexi,3,15688
Hexi,3,15689
Hexi,3,15690
Hexi,3,15691
Hexi,3,15692
Hexi,3,15693
Hexi,3,15694
Hexi,3,15695
Hexi,3,15696
Hexi,3,15697
Hexi,3,15698
Hexi,3,15699
Hexi,3,15700
Hexi,3,15701
Hexi,3,15702
Hexi,3,15703
Hexi,3,15704
Hexi,3,15705
Hexi,3,15706
Hexi,3,15707
Hexi,3,15708
Hexi,3,15709
Hexi,3,15710
Hexi,3,15711
Hexi,3,15712
Hexi,3,15713
Hexi,3,15714
Hexi,3,15715
Hexi,3,15716
Hexi,3,15717
Hexi,3,15718
Hexi,3,15719
Hexi,3,15720
Hexi,3,15721
Hexi,3,15722
Hexi,3,15723
Hexi,3,15724
Hexi,3,15725
Hexi,3,15726
Hexi,3,15727
Hexi,3,15728
Hexi,3,15919
Hexi,3,15920
Hexi,3,15921
Hexi,3,15922
Hexi,3,15923
Hexi,3,15924
Hexi,3,15925
Hexi,3,15926
Hexi,3,15927
Hexi,3,15928
Hexi,3,15929
Hexi,3,15930
Hexi,3,15931
Hexi,3,15932
Hexi,3,15933
Hexi,3,15934
Hexi,3,15935
Hexi,3,15936
Hexi,3,15937
Hexi,3,15938
Hexi,3,15939
Hexi,3,15940
Hexi,3,15941
Hexi,3,15942
Hexi,3,15943
Hexi,3,15944
Hexi,3,15945
Hexi,3,15946
Hexi,3,15947
Hexi,3,15948
Hexi,3,15949
Hexi,3,15950
Hexi,3,15951
Hexi,3,15952
Hexi,3,15953
Hexi,3,15954
Hexi,3,15955
Hexi,3,15956
Hexi,3,15957
Hexi,3,15958
Hexi,3,15959
Hexi,3,15960
Hexi,3,15961
Hexi,3,15962
Hexi,3,15963
Hexi,3,15964
Hexi,3,15965
Hexi,3,15966
Hexi,3,15967
Hexi,3,15968
Hexi,3,15969
Hexi,3,15970
Hexi,3,15971
Hexi,3,15972
Hexi,3,15973
Hexi,3,15974
Hexi,3,15975
Hexi,3,15976
Hexi,3,15977
Hexi,3,15978
Hexi,3,15979
Hexi,3,15980
Hexi,3,15981
Hexi,3,15982
Hexi,3,15983
Hexi,3,15984
Hexi,3,15985
Hexi,3,15986
Hexi,3,15987
Hexi,3,15988
Hexi,3,15989
Hexi,3,15990
Hexi,3,15991
Hexi,3,15992
Hexi,3,15993
Hexi,3,15994
Hexi,3,15995
Hexi,3,15996
Hexi,3,15997
Hexi,3,15998
Hexi,3,15999
Hexi,3,16000
Hexi,3,16001
Hexi,3,16002
Hexi,3,16003
Hexi,3,16004
Hexi,3,16005
Hexi,3,16006
Hexi,3,16007
Hexi,3,16008
Hexi,3,16009
Hexi,3,16010
Hexi,3,16011
Hexi,3,16012
Hexi,3,16013
Hexi,3,16014
Hexi,3,16015
Hexi,3,16016
Hexi,3,16017
Hexi,3,16018
Hexi,3,16019
Hexi,3,16020
Hexi,3,16021
Hexi,3,16022
Hexi,3,16023
Hexi,3,16024
Hexi,3,16025
Hexi,3,16026
Hexi,3,16027
Hexi,3,16028
Hexi,3,16029
Hexi,3,16030
Hexi,3,16031
Hexi,3,16032
Hexi,3,16033
Hexi,3,16034
Hexi,3,16035
Hexi,3,16036
Hexi,3,16037
Hexi,3,16038
Hexi,3,16039
Hexi,3,16040
Hexi,3,16041
Hexi,3,16042
Hexi,3,16043
Hexi,3,16044
Hexi,3,16045
Hexi,3,16046
Hexi,3,16047
Hexi,3,16048
Hexi,3,16239
Hexi,3,16240
Hexi,3,16241
Hexi,3,16242
Hexi,3,16243
Hexi,3,16244
Hexi,3,16245
Hexi,3,16246
Hexi,3,16247
Hexi,3,16248
Hexi,3,16249
Hexi,3,16250
Hexi,3,16251
Hexi,3,16252
Hexi,3,16253
Hexi,3,16254
Hexi,3,16255
Hexi,3,16256
Hexi,3,16257
Hexi,3,16258
Hexi,3,16259
Hexi,3,16260
Hexi,3,16261
Hexi,3,16262
Hexi,3,16263
Hexi,3,16264
Hexi,3,16265
Hexi,3,16266
Hexi,3,16267
Hexi,3,16268
Hexi,3,16269
Hexi,3,16270
Hexi,3,16271
Hexi,3,16272
Hexi,3,16273
Hexi,3,16274
Hexi,3,16275
Hexi,3,16276
Hexi,3,16277
Hexi,3,16278
Hexi,3,16279
Hexi,3,16280
Hexi,3,16281
Hexi,3,16282
Hexi,3,16283
Hexi,3,16284
Hexi,3,16285
Hexi,3,16286
Hexi,3,16287
Hexi,3,16288
Hexi,3,16289
Hexi,3,16290
Hexi,3,16291
Hexi,3,16292
Hexi,3,16293
Hexi,3,16294
Hexi,3,16295
Hexi,3,16296
Hexi,3,16297
Hexi,3,16298
Hexi,3,16299
Hexi,3,16300
Hexi,3,16301
Hexi,3,16302
Hexi,3,16303
Hexi,3,16304
Hexi,3,16305
Hexi,3,16306
Hexi,3,16307
Hexi,3,16308
Hexi,3,16309
Hexi,3,16310
Hexi,3,16311
Hexi,3,16312
Hexi,3,16313
Hexi,3,16314
Hexi,3,16315
Hexi,3,16316
Hexi,3,16317
Hexi,3,16318
Hexi,3,16319
Hexi,3,16320
Hexi,3,16321
Hexi,3,16322
Hexi,3,16323
Hexi,3,16324
Hexi,3,16325
Hexi,3,16326
Hexi,3,16327
Hexi,3,16328
Hexi,3,16329
Hexi,3,16330
Hexi,3,16331
Hexi,3,16332
Hexi,3,16333
Hexi,3,16334
Hexi,3,16335
Hexi,3,16336
Hexi,3,16337
Hexi,3,16338
Hexi,3,16339
Hexi,3,16340
Hexi,3,16341
Hexi,3,16342
Hexi,3,16343
Hexi,3,16344
Hexi,3,16345
Hexi,3,16346
Hexi,3,16347
Hexi,3,16348
Hexi,3,16349
Hexi,3,16350
Hexi,3,16351
Hexi,3,16352
Hexi,3,16353
Hexi,3,16354
Hexi,3,16355
Hexi,3,16356
Hexi,3,16357
Hexi,3,16358
Hexi,3,16359
Hexi,3,16360
Hexi,3,16361
Hexi,3,16362
Hexi,3,16363
Hexi,3,16364
Hexi,3,16365
Hexi,3,16366
Hexi,3,16367
Hexi,3,16548
Hexi,3,16549
Hexi,3,16550
Hexi,3,16551
Hexi,3,16552
Hexi,3,16553
Hexi,3,16554
Hexi,3,16555
Hexi,3,16556
Hexi,3,16557
Hexi,3,16558
Hexi,3,16559
Hexi,3,16560
Hexi,3,16561
Hexi,3,16562
Hexi,3,16563
Hexi,3,16564
Hexi,3,16565
Hexi,3,16566
Hexi,3,16567
Hexi,3,16568
Hexi,3,16569
Hexi,3,16570
Hexi,3,16571
Hexi,3,16572
Hexi,3,16573
Hexi,3,16574
Hexi,3,16575
Hexi,3,16576
Hexi,3,16577
Hexi,3,16578
Hexi,3,16579
Hexi,3,16580
Hexi,3,16581
Hexi,3,16582
Hexi,3,16583
Hexi,3,16584
Hexi,3,16585
Hexi,3,16586
Hexi,3,16587
Hexi,3,16588
Hexi,3,16589
Hexi,3,16590
Hexi,3,16591
Hexi,3,16592
Hexi,3,16593
Hexi,3,16594
Hexi,3,16595
Hexi,3,16596
Hexi,3,16597
Hexi,3,16598
Hexi,3,16599
Hexi,3,16600
Hexi,3,16601
Hexi,3,16602
Hexi,3,16603
Hexi,3,16604
Hexi,3,16605
Hexi,3,16606
Hexi,3,16607
Hexi,3,16608
Hexi,3,16609
Hexi,3,16610
Hexi,3,16611
Hexi,3,16612
Hexi,3,16613
Hexi,3,16614
Hexi,3,16615
Hexi,3,16616
Hexi,3,16617
Hexi,3,16618
Hexi,3,16619
Hexi,3,16620
Hexi,3,16621
Hexi,3,16622
Hexi,3,16623
Hexi,3,16624
Hexi,3,16625
Hexi,3,16626
Hexi,3,16627
Hexi,3,16628
Hexi,3,16629
Hexi,3,16630
Hexi,3,16631
Hexi,3,16632
Hexi,3,16633
Hexi,3,16634
Hexi,3,16635
Hexi,3,16636
Hexi,3,16637
Hexi,3,16638
Hexi,3,16639
Hexi,3,16640
Hexi,3,16641
Hexi,3,16642
Hexi,3,16643
Hexi,3,16644
Hexi,3,16645
Hexi,3,16646
Hexi,3,16647
Hexi,3,16648
Hexi,3,16649
Hexi,3,16650
Hexi,3,16651
Hexi,3,16652
Hexi,3,16653
Hexi,3,16654
Hexi,3,16655
Hexi,3,16656
Hexi,3,16657
Hexi,3,16658
Hexi,3,16659
Hexi,3,16660
Hexi,3,16661
Hexi,3,16662
Hexi,3,16663
Hexi,3,16664
Hexi,3,16665
Hexi,3,16666
Hexi,3,16667
Hexi,3,16668
Hexi,3,16669
Hexi,3,16670
Hexi,3,16671
Hexi,3,16672
Hexi,3,16673
Hexi,3,16674
Hexi,3,16675
Hexi,3,16856
Hexi,3,16857
Hexi,3,16858
Hexi,3,16859
Hexi,3,16860
Hexi,3,16861
Hexi,3,16862
Hexi,3,16863
Hexi,3,16864
Hexi,3,16865
Hexi,3,16866
Hexi,3,16867
Hexi,3,16868
Hexi,3,16869
Hexi,3,16870
Hexi,3,16871
Hexi,3,16872
Hexi,3,16873
Hexi,3,16874
Hexi,3,16875
Hexi,3,16876
Hexi,3,16877
Hexi,3,16878
Hexi,3,16879
Hexi,3,16880
Hexi,3,16881
Hexi,3,16882
Hexi,3,16883
Hexi,3,16884
Hexi,3,16885
Hexi,3,16886
Hexi,3,16887
Hexi,3,16888
Hexi,3,16889
Hexi,3,16890
Hexi,3,16891
Hexi,3,16892
Hexi,3,16893
Hexi,3,16894
Hexi,3,16895
Hexi,3,16896
Hexi,3,16897
Hexi,3,16898
Hexi,3,16899
Hexi,3,16900
Hexi,3,16901
Hexi,3,16902
Hexi,3,16903
Hexi,3,16904
Hexi,3,16905
Hexi,3,16906
Hexi,3,16907
Hexi,3,16908
Hexi,3,16909
Hexi,3,16910
Hexi,3,16911
Hexi,3,16912
Hexi,3,16913
Hexi,3,16914
Hexi,3,16915
Hexi,3,16916
Hexi,3,16917
Hexi,3,16918
Hexi,3,16919
Hexi,3,16920
Hexi,3,16921
Hexi,3,16922
Hexi,3,16923
Hexi,3,16924
Hexi,3,16925
Hexi,3,16926
Hexi,3,16927
Hexi,3,16928
Hexi,3,16929
Hexi,3,16930
Hexi,3,16931
Hexi,3,16932
Hexi,3,16933
Hexi,3,16934
Hexi,3,16935
Hexi,3,16936
Hexi,3,16937
Hexi,3,16938
Hexi,3,16939
Hexi,3,16940
Hexi,3,16941
Hexi,3,16942
Hexi,3,16943
Hexi,3,16944
Hexi,3,16945
Hexi,3,16946
Hexi,3,16947
Hexi,3,16948
Hexi,3,16949
Hexi,3,16950
Hexi,3,16951
Hexi,3,16952
Hexi,3,16953
Hexi,3,16954
Hexi,3,16955
Hexi,3,16956
Hexi,3,16957
Hexi,3,16958
Hexi,3,16959
Hexi,3,16960
Hexi,3,16961
Hexi,3,16962
Hexi,3,16963
Hexi,3,16964
Hexi,3,16965
Hexi,3,16966
Hexi,3,16967
Hexi,3,16968
Hexi,3,16969
Hexi,3,16970
Hexi,3,16971
Hexi,3,16972
Hexi,3,16973
Hexi,3,16974
Hexi,3,16975
Hexi,3,16976
Hexi,3,16977
Hexi,3,16978
Hexi,3,16979
Hexi,3,16980
Hexi,3,16981
Hexi,3,16982
Hexi,3,17162
Hexi,3,17163
Hexi,3,17164
Hexi,3,17165
Hexi,3,17166
Hexi,3,17167
Hexi,3,17168
Hexi,3,17169
Hexi,3,17170
Hexi,3,17171
Hexi,3,17172
Hexi,3,17173
Hexi,3,17174
Hexi,3,17175
Hexi,3,17176
Hexi,3,17177
Hexi,3,17178
Hexi,3,17179
Hexi,3,17180
Hexi,3,17181
Hexi,3,17182
Hexi,3,17183
Hexi,3,17184
Hexi,3,17185
Hexi,3,17186
Hexi,3,17187
Hexi,3,17188
Hexi,3,17189
Hexi,3,17190
Hexi,3,17191
Hexi,3,17192
Hexi,3,17193
Hexi,3,17194
Hexi,3,17195
Hexi,3,17196
Hexi,3,17197
Hexi,3,17198
Hexi,3,17199
Hexi,3,17200
Hexi,3,17201
Hexi,3,17202
Hexi,3,17203
Hexi,3,17204
Hexi,3,17205
Hexi,3,17206
Hexi,3,17207
Hexi,3,17208
Hexi,3,17209
Hexi,3,17210
Hexi,3,17211
Hexi,3,17212
Hexi,3,17213
Hexi,3,17214
Hexi,3,17215
Hexi,3,17216
Hexi,3,17217
Hexi,3,17218
Hexi,3,17219
Hexi,3,17220
Hexi,3,17221
Hexi,3,17222
Hexi,3,17223
Hexi,3,17224
Hexi,3,17225
Hexi,3,17226
Hexi,3,17227
Hexi,3,17228
Hexi,3,17229
Hexi,3,17230
Hexi,3,17231
Hexi,3,17232
Hexi,3,17233
Hexi,3,17234
Hexi,3,17235
Hexi,3,17236
Hexi,3,17237
Hexi,3,17238
Hexi,3,17239
Hexi,3,17240
Hexi,3,17241
Hexi,3,17242
Hexi,3,17243
Hexi,3,17244
Hexi,3,17245
Hexi,3,17246
Hexi,3,17247
Hexi,3,17248
Hexi,3,17249
Hexi,3,17250
Hexi,3,17251
Hexi,3,17252
Hexi,3,17253
Hexi,3,17254
Hexi,3,17255
Hexi,3,17256
Hexi,3,17257
Hexi,3,17258
Hexi,3,17259
Hexi,3,17260
Hexi,3,17261
Hexi,3,17262
Hexi,3,17263
Hexi,3,17264
Hexi,3,17265
Hexi,3,17266
Hexi,3,17267
Hexi,3,17268
Hexi,3,17269
Hexi,3,17270
Hexi,3,17271
Hexi,3,17272
Hexi,3,17273
Hexi,3,17274
Hexi,3,17275
Hexi,3,17276
Hexi,3,17277
Hexi,3,17278
Hexi,3,17279
Hexi,3,17280
Hexi,3,17281
Hexi,3,17282
Hexi,3,17283
Hexi,3,17284
Hexi,3,17285
Hexi,3,17466
Hexi,3,17467
Hexi,3,17468
Hexi,3,17469
Hexi,3,17470
Hexi,3,17471
Hexi,3,17472
Hexi,3,17473
Hexi,3,17474
Hexi,3,17475
Hexi,3,17476
Hexi,3,17477
Hexi,3,17478
Hexi,3,17479
Hexi,3,17480
Hexi,3,17481
Hexi,3,17482
Hexi,3,17483
Hexi,3,17484
Hexi,3,17485
Hexi,3,17486
Hexi,3,17487
Hexi,3,17488
Hexi,3,17489
Hexi,3,17490
Hexi,3,17491
Hexi,3,17492
Hexi,3,17493
Hexi,3,17494
Hexi,3,17495
Hexi,3,17496
Hexi,3,17497
Hexi,3,17498
Hexi,3,17499
Hexi,3,17500
Hexi,3,17501
Hexi,3,17502
Hexi,3,17503
Hexi,3,17504
Hexi,3,17505
Hexi,3,17506
Hexi,3,17507
Hexi,3,17508
Hexi,3,17509
Hexi,3,17510
Hexi,3,17511
Hexi,3,17512
Hexi,3,17513
Hexi,3,17514
Hexi,3,17515
Hexi,3,17516
Hexi,3,17517
Hexi,3,17518
Hexi,3,17519
Hexi,3,17520
Hexi,3,17521
Hexi,3,17522
Hexi,3,17523
Hexi,3,17524
Hexi,3,17525
Hexi,3,17526
Hexi,3,17527
Hexi,3,17528
Hexi,3,17529
Hexi,3,17530
Hexi,3,17531
Hexi,3,17532
Hexi,3,17533
Hexi,3,17534
Hexi,3,17535
Hexi,3,17536
Hexi,3,17537
Hexi,3,17538
Hexi,3,17539
Hexi,3,17540
Hexi,3,17541
Hexi,3,17542
Hexi,3,17543
Hexi,3,17544
Hexi,3,17545
Hexi,3,17546
Hexi,3,17547
Hexi,3,17548
Hexi,3,17549
Hexi,3,17550
Hexi,3,17551
Hexi,3,17552
Hexi,3,17553
Hexi,3,17554
Hexi,3,17555
Hexi,3,17556
Hexi,3,17557
Hexi,3,17558
Hexi,3,17559
Hexi,3,17560
Hexi,3,17561
Hexi,3,17562
Hexi,3,17563
Hexi,3,17564
Hexi,3,17565
Hexi,3,17566
Hexi,3,17567
Hexi,3,17568
Hexi,3,17569
Hexi,3,17570
Hexi,3,17571
Hexi,3,17572
Hexi,3,17573
Hexi,3,17574
Hexi,3,17575
Hexi,3,17576
Hexi,3,17577
Hexi,3,17578
Hexi,3,17579
Hexi,3,17580
Hexi,3,17581
Hexi,3,17582
Hexi,3,17583
Hexi,3,17584
Hexi,3,17585
Hexi,3,17586
Hexi,3,17587
Hexi,3,17588
Hexi,3,17766
Hexi,3,17767
Hexi,3,17768
Hexi,3,17769
Hexi,3,17770
Hexi,3,17771
Hexi,3,17772
Hexi,3,17773
Hexi,3,17774
Hexi,3,17775
Hexi,3,17776
Hexi,3,17777
Hexi,3,17778
Hexi,3,17779
Hexi,3,17780
Hexi,3,17781
Hexi,3,17782
Hexi,3,17783
Hexi,3,17784
Hexi,3,17785
Hexi,3,17786
Hexi,3,17787
Hexi,3,17788
Hexi,3,17789
Hexi,3,17790
Hexi,3,17791
Hexi,3,17792
Hexi,3,17793
Hexi,3,17794
Hexi,3,17795
Hexi,3,17796
Hexi,3,17797
Hexi,3,17798
Hexi,3,17799
Hexi,3,17800
Hexi,3,17801
Hexi,3,17802
Hexi,3,17803
Hexi,3,17804
Hexi,3,17805
Hexi,3,17806
Hexi,3,17807
Hexi,3,17808
Hexi,3,17809
Hexi,3,17810
Hexi,3,17811
Hexi,3,17812
Hexi,3,17813
Hexi,3,17814
Hexi,3,17815
Hexi,3,17816
Hexi,3,17817
Hexi,3,17818
Hexi,3,17819
Hexi,3,17820
Hexi,3,17821
Hexi,3,17822
Hexi,3,17823
Hexi,3,17824
Hexi,3,17825
Hexi,3,17826
Hexi,3,17827
Hexi,3,17828
Hexi,3,17829
Hexi,3,17830
Hexi,3,17831
Hexi,3,17832
Hexi,3,17833
Hexi,3,17834
Hexi,3,17835
Hexi,3,17836
Hexi,3,17837
Hexi,3,17838
Hexi,3,17839
Hexi,3,17840
Hexi,3,17841
Hexi,3,17842
Hexi,3,17843
Hexi,3,17844
Hexi,3,17845
Hexi,3,17846
Hexi,3,17847
Hexi,3,17848
Hexi,3,17849
Hexi,3,17850
Hexi,3,17851
Hexi,3,17852
Hexi,3,17853
Hexi,3,17854
Hexi,3,17855
Hexi,3,17856
Hexi,3,17857
Hexi,3,17858
Hexi,3,17859
Hexi,3,17860
Hexi,3,17861
Hexi,3,17862
Hexi,3,17863
Hexi,3,17864
Hexi,3,17865
Hexi,3,17866
Hexi,3,17867
Hexi,3,17868
Hexi,3,17869
Hexi,3,17870
Hexi,3,17871
Hexi,3,17872
Hexi,3,17873
Hexi,3,17874
Hexi,3,17875
Hexi,3,17876
Hexi,3,17877
Hexi,3,17878
Hexi,3,17879
Hexi,3,17880
Hexi,3,17881
Hexi,3,17882
Hexi,3,17883
Hexi,3,17884
Hexi,3,17885
Hexi,3,17886
Hexi,3,18065
Hexi,3,18066
Hexi,3,18067
Hexi,3,18068
Hexi,3,18069
Hexi,3,18070
Hexi,3,18071
Hexi,3,18072
Hexi,3,18073
Hexi,3,18074
Hexi,3,18075
Hexi,3,18076
Hexi,3,18077
Hexi,3,18078
Hexi,3,18079
Hexi,3,18080
Hexi,3,18081
Hexi,3,18082
Hexi,3,18083
Hexi,3,18084
Hexi,3,18085
Hexi,3,18086
Hexi,3,18087
Hexi,3,18088
Hexi,3,18089
Hexi,3,18090
Hexi,3,18091
Hexi,3,18092
Hexi,3,18093
Hexi,3,18094
Hexi,3,18095
Hexi,3,18096
Hexi,3,18097
Hexi,3,18098
Hexi,3,18099
Hexi,3,18100
Hexi,3,18101
Hexi,3,18102
Hexi,3,18103
Hexi,3,18104
Hexi,3,18105
Hexi,3,18106
Hexi,3,18107
Hexi,3,18108
Hexi,3,18109
Hexi,3,18110
Hexi,3,18111
Hexi,3,18112
Hexi,3,18113
Hexi,3,18114
Hexi,3,18115
Hexi,3,18116
Hexi,3,18117
Hexi,3,18118
Hexi,3,18119
Hexi,3,18120
Hexi,3,18121
Hexi,3,18122
Hexi,3,18123
Hexi,3,18124
Hexi,3,18125
Hexi,3,18126
Hexi,3,18127
Hexi,3,18128
Hexi,3,18129
Hexi,3,18130
Hexi,3,18131
Hexi,3,18132
Hexi,3,18133
Hexi,3,18134
Hexi,3,18135
Hexi,3,18136
Hexi,3,18137
Hexi,3,18138
Hexi,3,18139
Hexi,3,18140
Hexi,3,18141
Hexi,3,18142
Hexi,3,18143
Hexi,3,18144
Hexi,3,18145
Hexi,3,18146
Hexi,3,18147
Hexi,3,18148
Hexi,3,18149
Hexi,3,18150
Hexi,3,18151
Hexi,3,18152
Hexi,3,18153
Hexi,3,18154
Hexi,3,18155
Hexi,3,18156
Hexi,3,18157
Hexi,3,18158
Hexi,3,18159
Hexi,3,18160
Hexi,3,18161
Hexi,3,18162
Hexi,3,18163
Hexi,3,18164
Hexi,3,18165
Hexi,3,18166
Hexi,3,18167
Hexi,3,18168
Hexi,3,18169
Hexi,3,18170
Hexi,3,18171
Hexi,3,18172
Hexi,3,18173
Hexi,3,18174
Hexi,3,18175
Hexi,3,18176
Hexi,3,18177
Hexi,3,18178
Hexi,3,18179
Hexi,3,18180
Hexi,3,18181
Hexi,3,18182
Hexi,3,18360
Hexi,3,18361
Hexi,3,18362
Hexi,3,18363
Hexi,3,18364
Hexi,3,18365
Hexi,3,18366
Hexi,3,18367
Hexi,3,18368
Hexi,3,18369
Hexi,3,18370
Hexi,3,18371
Hexi,3,18372
Hexi,3,18373
Hexi,3,18374
Hexi,3,18375
Hexi,3,18376
Hexi,3,18377
Hexi,3,18378
Hexi,3,18379
Hexi,3,18380
Hexi,3,18381
Hexi,3,18382
Hexi,3,18383
Hexi,3,18384
Hexi,3,18385
Hexi,3,18386
Hexi,3,18387
Hexi,3,18388
Hexi,3,18389
Hexi,3,18390
Hexi,3,18391
Hexi,3,18392
Hexi,3,18393
Hexi,3,18394
Hexi,3,18395
Hexi,3,18396
Hexi,3,18397
Hexi,3,18398
Hexi,3,18399
Hexi,3,18400
Hexi,3,18401
Hexi,3,18402
Hexi,3,18403
Hexi,3,18404
Hexi,3,18405
Hexi,3,18406
Hexi,3,18407
Hexi,3,18408
Hexi,3,18409
Hexi,3,18410
Hexi,3,18411
Hexi,3,18412
Hexi,3,18413
Hexi,3,18414
Hexi,3,18415
Hexi,3,18416
Hexi,3,18417
Hexi,3,18418
Hexi,3,18419
Hexi,3,18420
Hexi,3,18421
Hexi,3,18422
Hexi,3,18423
Hexi,3,18424
Hexi,3,18425
Hexi,3,18426
Hexi,3,18427
Hexi,3,18428
Hexi,3,18429
Hexi,3,18430
Hexi,3,18431
Hexi,3,18432
Hexi,3,18433
Hexi,3,18434
Hexi,3,18435
Hexi,3,18436
Hexi,3,18437
Hexi,3,18438
Hexi,3,18439
Hexi,3,18440
Hexi,3,18441
Hexi,3,18442
Hexi,3,18443
Hexi,3,18444
Hexi,3,18445
Hexi,3,18446
Hexi,3,18447
Hexi,3,18448
Hexi,3,18449
Hexi,3,18450
Hexi,3,18451
Hexi,3,18452
Hexi,3,18453
Hexi,3,18454
Hexi,3,18455
Hexi,3,18456
Hexi,3,18457
Hexi,3,18458
Hexi,3,18459
Hexi,3,18460
Hexi,3,18461
Hexi,3,18462
Hexi,3,18463
Hexi,3,18464
Hexi,3,18465
Hexi,3,18466
Hexi,3,18467
Hexi,3,18468
Hexi,3,18469
Hexi,3,18470
Hexi,3,18471
Hexi,3,18472
Hexi,3,18473
Hexi,3,18474
Hexi,3,18475
Hexi,3,18476
Hexi,3,18653
Hexi,3,18654
Hexi,3,18655
Hexi,3,18656
Hexi,3,18658
Hexi,3,18659
Hexi,3,18660
Hexi,3,18661
Hexi,3,18662
Hexi,3,18663
Hexi,3,18664
Hexi,3,18665
Hexi,3,18666
Hexi,3,18667
Hexi,3,18668
Hexi,3,18669
Hexi,3,18670
Hexi,3,18671
Hexi,3,18672
Hexi,3,18673
Hexi,3,18674
Hexi,3,18675
Hexi,3,18676
Hexi,3,18677
Hexi,3,18678
Hexi,3,18679
Hexi,3,18680
Hexi,3,18681
Hexi,3,18682
Hexi,3,18683
Hexi,3,18684
Hexi,3,18685
Hexi,3,18686
Hexi,3,18687
Hexi,3,18688
Hexi,3,18689
Hexi,3,18690
Hexi,3,18691
Hexi,3,18692
Hexi,3,18693
Hexi,3,18694
Hexi,3,18695
Hexi,3,18696
Hexi,3,18697
Hexi,3,18698
Hexi,3,18699
Hexi,3,18700
Hexi,3,18701
Hexi,3,18702
Hexi,3,18703
Hexi,3,18704
Hexi,3,18705
Hexi,3,18706
Hexi,3,18707
Hexi,3,18708
Hexi,3,18709
Hexi,3,18710
Hexi,3,18711
Hexi,3,18712
Hexi,3,18713
Hexi,3,18714
Hexi,3,18715
Hexi,3,18716
Hexi,3,18717
Hexi,3,18718
Hexi,3,18719
Hexi,3,18720
Hexi,3,18721
Hexi,3,18722
Hexi,3,18723
Hexi,3,18724
Hexi,3,18725
Hexi,3,18726
Hexi,3,18727
Hexi,3,18728
Hexi,3,18729
Hexi,3,18730
Hexi,3,18731
Hexi,3,18732
Hexi,3,18733
Hexi,3,18734
Hexi,3,18735
Hexi,3,18736
Hexi,3,18737
Hexi,3,18738
Hexi,3,18739
Hexi,3,18740
Hexi,3,18741
Hexi,3,18742
Hexi,3,18743
Hexi,3,18744
Hexi,3,18745
Hexi,3,18746
Hexi,3,18747
Hexi,3,18748
Hexi,3,18749
Hexi,3,18750
Hexi,3,18751
Hexi,3,18752
Hexi,3,18753
Hexi,3,18754
Hexi,3,18755
Hexi,3,18756
Hexi,3,18757
Hexi,3,18758
Hexi,3,18759
Hexi,3,18760
Hexi,3,18761
Hexi,3,18762
Hexi,3,18944
Hexi,3,18945
Hexi,3,18946
Hexi,3,18947
Hexi,3,18948
Hexi,3,18949
Hexi,3,18950
Hexi,3,18951
Hexi,3,18952
Hexi,3,18953
Hexi,3,18954
Hexi,3,18955
Hexi,3,18956
Hexi,3,18957
Hexi,3,18958
Hexi,3,18959
Hexi,3,18960
Hexi,3,18961
Hexi,3,18962
Hexi,3,18963
Hexi,3,18964
Hexi,3,18965
Hexi,3,18966
Hexi,3,18967
Hexi,3,18968
Hexi,3,18969
Hexi,3,18970
Hexi,3,18971
Hexi,3,18972
Hexi,3,18973
Hexi,3,18974
Hexi,3,18975
Hexi,3,18976
Hexi,3,18977
Hexi,3,18978
Hexi,3,18979
Hexi,3,18980
Hexi,3,18981
Hexi,3,18982
Hexi,3,18983
Hexi,3,18984
Hexi,3,18985
Hexi,3,18986
Hexi,3,18987
Hexi,3,18988
Hexi,3,18989
Hexi,3,18990
Hexi,3,18991
Hexi,3,18992
Hexi,3,18993
Hexi,3,18994
Hexi,3,18995
Hexi,3,18996
Hexi,3,18997
Hexi,3,18998
Hexi,3,18999
Hexi,3,19000
Hexi,3,19001
Hexi,3,19002
Hexi,3,19003
Hexi,3,19004
Hexi,3,19005
Hexi,3,19006
Hexi,3,19007
Hexi,3,19008
Hexi,3,19009
Hexi,3,19010
Hexi,3,19011
Hexi,3,19012
Hexi,3,19013
Hexi,3,19014
Hexi,3,19015
Hexi,3,19016
Hexi,3,19017
Hexi,3,19018
Hexi,3,19019
Hexi,3,19020
Hexi,3,19021
Hexi,3,19022
Hexi,3,19023
Hexi,3,19024
Hexi,3,19025
Hexi,3,19026
Hexi,3,19027
Hexi,3,19028
Hexi,3,19029
Hexi,3,19030
Hexi,3,19031
Hexi,3,19032
Hexi,3,19033
Hexi,3,19034
Hexi,3,19035
Hexi,3,19036
Hexi,3,19037
Hexi,3,19038
Hexi,3,19039
Hexi,3,19040
Hexi,3,19041
Hexi,3,19042
Hexi,3,19043
Hexi,3,19044
Hexi,3,19226
Hexi,3,19227
Hexi,3,19228
Hexi,3,19229
Hexi,3,19230
Hexi,3,19231
Hexi,3,19232
Hexi,3,19233
Hexi,3,19234
Hexi,3,19235
Hexi,3,19236
Hexi,3,19237
Hexi,3,19238
Hexi,3,19239
Hexi,3,19240
Hexi,3,19241
Hexi,3,19242
Hexi,3,19243
Hexi,3,19244
Hexi,3,19245
Hexi,3,19246
Hexi,3,19247
Hexi,3,19248
Hexi,3,19249
Hexi,3,19250
Hexi,3,19251
Hexi,3,19252
Hexi,3,19253
Hexi,3,19254
Hexi,3,19255
Hexi,3,19256
Hexi,3,19257
Hexi,3,19258
Hexi,3,19259
Hexi,3,19260
Hexi,3,19261
Hexi,3,19262
Hexi,3,19263
Hexi,3,19264
Hexi,3,19265
Hexi,3,19266
Hexi,3,19267
Hexi,3,19268
Hexi,3,19269
Hexi,3,19270
Hexi,3,19271
Hexi,3,19272
Hexi,3,19273
Hexi,3,19274
Hexi,3,19275
Hexi,3,19276
Hexi,3,19277
Hexi,3,19278
Hexi,3,19279
Hexi,3,19280
Hexi,3,19281
Hexi,3,19282
Hexi,3,19283
Hexi,3,19284
Hexi,3,19285
Hexi,3,19286
Hexi,3,19287
Hexi,3,19288
Hexi,3,19289
Hexi,3,19290
Hexi,3,19291
Hexi,3,19292
Hexi,3,19293
Hexi,3,19294
Hexi,3,19295
Hexi,3,19296
Hexi,3,19297
Hexi,3,19298
Hexi,3,19299
Hexi,3,19300
Hexi,3,19301
Hexi,3,19302
Hexi,3,19303
Hexi,3,19304
Hexi,3,19305
Hexi,3,19306
Hexi,3,19307
Hexi,3,19308
Hexi,3,19309
Hexi,3,19491
Hexi,3,19492
Hexi,3,19493
Hexi,3,19494
Hexi,3,19495
Hexi,3,19496
Hexi,3,19497
Hexi,3,19498
Hexi,3,19499
Hexi,3,19500
Hexi,3,19501
Hexi,3,19502
Hexi,3,19503
Hexi,3,19504
Hexi,3,19505
Hexi,3,19506
Hexi,3,19507
Hexi,3,19508
Hexi,3,19509
Hexi,3,19510
Hexi,3,19511
Hexi,3,19512
Hexi,3,19513
Hexi,3,19514
Hexi,3,19515
Hexi,3,19516
Hexi,3,19517
Hexi,3,19518
Hexi,3,19519
Hexi,3,19520
Hexi,3,19521
Hexi,3,19522
Hexi,3,19523
Hexi,3,19524
Hexi,3,19525
Hexi,3,19526
Hexi,3,19527
Hexi,3,19528
Hexi,3,19529
Hexi,3,19530
Hexi,3,19531
Hexi,3,19532
Hexi,3,19533
Hexi,3,19534
Hexi,3,19535
Hexi,3,19536
Hexi,3,19537
Hexi,3,19538
Hexi,3,19539
Hexi,3,19540
Hexi,3,19541
Hexi,3,19542
Hexi,3,19543
Hexi,3,19544
Hexi,3,19545
Hexi,3,19546
Hexi,3,19547
Hexi,3,19548
Hexi,3,19549
Hexi,3,19550
Hexi,3,19551
Hexi,3,19552
Hexi,3,19553
Hexi,3,19554
Hexi,3,19555
Hexi,3,19556
Hexi,3,19557
Hexi,3,19558
Hexi,3,19559
Hexi,3,19560
Hexi,3,19561
Hexi,3,19562
Hexi,3,19563
Hexi,3,19564
Hexi,3,19565
Hexi,3,19566
Hexi,3,19567
Hexi,3,19568
Hexi,3,19569
Hexi,3,19748
Hexi,3,19749
Hexi,3,19750
Hexi,3,19751
Hexi,3,19752
Hexi,3,19753
Hexi,3,19754
Hexi,3,19755
Hexi,3,19756
Hexi,3,19757
Hexi,3,19758
Hexi,3,19759
Hexi,3,19760
Hexi,3,19761
Hexi,3,19762
Hexi,3,19763
Hexi,3,19764
Hexi,3,19765
Hexi,3,19766
Hexi,3,19767
Hexi,3,19768
Hexi,3,19769
Hexi,3,19770
Hexi,3,19771
Hexi,3,19772
Hexi,3,19773
Hexi,3,19774
Hexi,3,19775
Hexi,3,19776
Hexi,3,19777
Hexi,3,19778
Hexi,3,19779
Hexi,3,19780
Hexi,3,19781
Hexi,3,19782
Hexi,3,19783
Hexi,3,19784
Hexi,3,19785
Hexi,3,19786
Hexi,3,19787
Hexi,3,19788
Hexi,3,19789
Hexi,3,19790
Hexi,3,19791
Hexi,3,19792
Hexi,3,19793
Hexi,3,19794
Hexi,3,19795
Hexi,3,19796
Hexi,3,19797
Hexi,3,19798
Hexi,3,19799
Hexi,3,19800
Hexi,3,19801
Hexi,3,19802
Hexi,3,19803
Hexi,3,19804
Hexi,3,19805
Hexi,3,19806
Hexi,3,19807
Hexi,3,19808
Hexi,3,19809
Hexi,3,19810
Hexi,3,19811
Hexi,3,19812
Hexi,3,19813
Hexi,3,19814
Hexi,3,19815
Hexi,3,19816
Hexi,3,19817
Hexi,3,19818
Hexi,3,19819
Hexi,3,19820
Hexi,3,19821
Hexi,3,19822
Hexi,3,19823
Hexi,3,19824
Hexi,3,20002
Hexi,3,20003
Hexi,3,20004
Hexi,3,20005
Hexi,3,20006
Hexi,3,20007
Hexi,3,20008
Hexi,3,20009
Hexi,3,20010
Hexi,3,20011
Hexi,3,20012
Hexi,3,20013
Hexi,3,20014
Hexi,3,20015
Hexi,3,20016
Hexi,3,20017
Hexi,3,20018
Hexi,3,20019
Hexi,3,20020
Hexi,3,20021
Hexi,3,20022
Hexi,3,20023
Hexi,3,20024
Hexi,3,20025
Hexi,3,20026
Hexi,3,20027
Hexi,3,20028
Hexi,3,20029
Hexi,3,20030
Hexi,3,20031
Hexi,3,20032
Hexi,3,20033
Hexi,3,20034
Hexi,3,20035
Hexi,3,20036
Hexi,3,20037
Hexi,3,20038
Hexi,3,20039
Hexi,3,20040
Hexi,3,20041
Hexi,3,20042
Hexi,3,20043
Hexi,3,20044
Hexi,3,20045
Hexi,3,20046
Hexi,3,20047
Hexi,3,20048
Hexi,3,20049
Hexi,3,20050
Hexi,3,20051
Hexi,3,20052
Hexi,3,20053
Hexi,3,20054
Hexi,3,20055
Hexi,3,20056
Hexi,3,20057
Hexi,3,20058
Hexi,3,20059
Hexi,3,20060
Hexi,3,20061
Hexi,3,20062
Hexi,3,20063
Hexi,3,20064
Hexi,3,20065
Hexi,3,20066
Hexi,3,20067
Hexi,3,20068
Hexi,3,20069
Hexi,3,20070
Hexi,3,20071
Hexi,3,20072
Hexi,3,20073
Hexi,3,20249
Hexi,3,20250
Hexi,3,20251
Hexi,3,20252
Hexi,3,20253
Hexi,3,20254
Hexi,3,20255
Hexi,3,20256
Hexi,3,20257
Hexi,3,20258
Hexi,3,20259
Hexi,3,20260
Hexi,3,20261
Hexi,3,20262
Hexi,3,20263
Hexi,3,20264
Hexi,3,20265
Hexi,3,20266
Hexi,3,20267
Hexi,3,20268
Hexi,3,20269
Hexi,3,20270
Hexi,3,20271
Hexi,3,20272
Hexi,3,20273
Hexi,3,20274
Hexi,3,20275
Hexi,3,20276
Hexi,3,20277
Hexi,3,20278
Hexi,3,20279
Hexi,3,20280
Hexi,3,20281
Hexi,3,20282
Hexi,3,20283
Hexi,3,20284
Hexi,3,20285
Hexi,3,20286
Hexi,3,20287
Hexi,3,20288
Hexi,3,20289
Hexi,3,20290
Hexi,3,20291
Hexi,3,20292
Hexi,3,20293
Hexi,3,20294
Hexi,3,20295
Hexi,3,20296
Hexi,3,20297
Hexi,3,20298
Hexi,3,20299
Hexi,3,20300
Hexi,3,20301
Hexi,3,20302
Hexi,3,20303
Hexi,3,20304
Hexi,3,20305
Hexi,3,20306
Hexi,3,20307
Hexi,3,20308
Hexi,3,20309
Hexi,3,20310
Hexi,3,20311
Hexi,3,20312
Hexi,3,20313
Hexi,3,20314
Hexi,3,20315
Hexi,3,20316
Hexi,3,20493
Hexi,3,20494
Hexi,3,20495
Hexi,3,20496
Hexi,3,20497
Hexi,3,20498
Hexi,3,20499
Hexi,3,20500
Hexi,3,20501
Hexi,3,20502
Hexi,3,20503
Hexi,3,20504
Hexi,3,20505
Hexi,3,20506
Hexi,3,20507
Hexi,3,20508
Hexi,3,20509
Hexi,3,20510
Hexi,3,20511
Hexi,3,20512
Hexi,3,20513
Hexi,3,20514
Hexi,3,20515
Hexi,3,20516
Hexi,3,20517
Hexi,3,20518
Hexi,3,20519
Hexi,3,20520
Hexi,3,20521
Hexi,3,20522
Hexi,3,20523
Hexi,3,20524
Hexi,3,20525
Hexi,3,20526
Hexi,3,20527
Hexi,3,20528
Hexi,3,20529
Hexi,3,20530
Hexi,3,20531
Hexi,3,20532
Hexi,3,20533
Hexi,3,20534
Hexi,3,20535
Hexi,3,20536
Hexi,3,20537
Hexi,3,20538
Hexi,3,20539
Hexi,3,20540
Hexi,3,20541
Hexi,3,20542
Hexi,3,20543
Hexi,3,20544
Hexi,3,20545
Hexi,3,20546
Hexi,3,20547
Hexi,3,20548
Hexi,3,20549
Hexi,3,20550
Hexi,3,20551
Hexi,3,20552
Hexi,3,20553
Hexi,3,20554
Hexi,3,20555
Hexi,3,20556
Hexi,3,20557
Hexi,3,20558
Hexi,3,20559
Hexi,3,20736
Hexi,3,20737
Hexi,3,20738
Hexi,3,20739
Hexi,3,20740
Hexi,3,20741
Hexi,3,20742
Hexi,3,20743
Hexi,3,20744
Hexi,3,20745
Hexi,3,20746
Hexi,3,20747
Hexi,3,20748
Hexi,3,20749
Hexi,3,20750
Hexi,3,20751
Hexi,3,20752
Hexi,3,20753
Hexi,3,20754
Hexi,3,20755
Hexi,3,20756
Hexi,3,20757
Hexi,3,20758
Hexi,3,20759
Hexi,3,20760
Hexi,3,20761
Hexi,3,20762
Hexi,3,20763
Hexi,3,20764
Hexi,3,20765
Hexi,3,20766
Hexi,3,20767
Hexi,3,20768
Hexi,3,20769
Hexi,3,20770
Hexi,3,20771
Hexi,3,20772
Hexi,3,20773
Hexi,3,20774
Hexi,3,20775
Hexi,3,20776
Hexi,3,20777
Hexi,3,20778
Hexi,3,20779
Hexi,3,20780
Hexi,3,20781
Hexi,3,20782
Hexi,3,20783
Hexi,3,20784
Hexi,3,20785
Hexi,3,20786
Hexi,3,20787
Hexi,3,20788
Hexi,3,20789
Hexi,3,20790
Hexi,3,20791
Hexi,3,20792
Hexi,3,20793
Hexi,3,20794
Hexi,3,20795
Hexi,3,20796
Hexi,3,20797
Hexi,3,20798
Hexi,3,20799
Hexi,3,20800
Hexi,3,20801
Hexi,3,20978
Hexi,3,20979
Hexi,3,20980
Hexi,3,20981
Hexi,3,20982
Hexi,3,20983
Hexi,3,20984
Hexi,3,20985
Hexi,3,20986
Hexi,3,20987
Hexi,3,20988
Hexi,3,20989
Hexi,3,20990
Hexi,3,20991
Hexi,3,20992
Hexi,3,20993
Hexi,3,20994
Hexi,3,20995
Hexi,3,20996
Hexi,3,20997
Hexi,3,20998
Hexi,3,20999
Hexi,3,21000
Hexi,3,21001
Hexi,3,21002
Hexi,3,21003
Hexi,3,21004
Hexi,3,21005
Hexi,3,21006
Hexi,3,21007
Hexi,3,21008
Hexi,3,21009
Hexi,3,21010
Hexi,3,21011
Hexi,3,21012
Hexi,3,21013
Hexi,3,21014
Hexi,3,21015
Hexi,3,21016
Hexi,3,21017
Hexi,3,21018
Hexi,3,21019
Hexi,3,21020
Hexi,3,21021
Hexi,3,21022
Hexi,3,21023
Hexi,3,21024
Hexi,3,21025
Hexi,3,21026
Hexi,3,21027
Hexi,3,21028
Hexi,3,21029
Hexi,3,21030
Hexi,3,21031
Hexi,3,21032
Hexi,3,21033
Hexi,3,21034
Hexi,3,21035
Hexi,3,21036
Hexi,3,21037
Hexi,3,21038
Hexi,3,21039
Hexi,3,21040
Hexi,3,21041
Hexi,3,21219
Hexi,3,21220
Hexi,3,21221
Hexi,3,21222
Hexi,3,21223
Hexi,3,21224
Hexi,3,21225
Hexi,3,21226
Hexi,3,21227
Hexi,3,21228
Hexi,3,21229
Hexi,3,21230
Hexi,3,21231
Hexi,3,21232
Hexi,3,21233
Hexi,3,21234
Hexi,3,21235
Hexi,3,21236
Hexi,3,21237
Hexi,3,21238
Hexi,3,21239
Hexi,3,21240
Hexi,3,21241
Hexi,3,21242
Hexi,3,21243
Hexi,3,21244
Hexi,3,21245
Hexi,3,21246
Hexi,3,21247
Hexi,3,21248
Hexi,3,21249
Hexi,3,21250
Hexi,3,21251
Hexi,3,21252
Hexi,3,21253
Hexi,3,21254
Hexi,3,21255
Hexi,3,21256
Hexi,3,21257
Hexi,3,21258
Hexi,3,21259
Hexi,3,21260
Hexi,3,21261
Hexi,3,21262
Hexi,3,21263
Hexi,3,21264
Hexi,3,21265
Hexi,3,21266
Hexi,3,21267
Hexi,3,21268
Hexi,3,21269
Hexi,3,21449
Hexi,3,21450
Hexi,3,21451
Hexi,3,21452
Hexi,3,21453
Hexi,3,21454
Hexi,3,21455
Hexi,3,21456
Hexi,3,21457
Hexi,3,21458
Hexi,3,21459
Hexi,3,21639
Hexi,3,21640
